Name,qty,SKU
shang-hai-shi,246,dm
shang-rao-shi,26.4,dm
dong-guan-shi,103.3,dm
dong-ying-shi,21.8,dm
zhong-shan-shi,33.2,dm
lin-fen-shi,22.4,dm
lin-yi-shi,56,dm
jiu-jiang-shi,23.2,dm
bo-zhou-shi,23.3,dm
fo-shan-shi,70,dm
bao-ding-shi,57.5,dm
xin-yang-shi,26.4,dm
lu-an-shi,19.8,dm
lan-zhou-shi,20.7,dm
bao-tou-shi,19.1,dm
bei-jing-shi,363.4,dm
nan-jing-shi,117.1,dm
nan-ning-shi,49.3,dm
nan-chang-shi,47.2,dm
nan-tong-shi,51.8,dm
nan-yang-shi,25.3,dm
gang-kou-CDC-suo-zai-cheng-shi,50.3,dm
tai-zhou-shi,50.5,dm
he-fei-shi,126.7,dm
ji-lin-shi,23.3,dm
zhou-kou-shi,30.5,dm
hu-he-hao-te-shi,24,dm
xian-yang-shi,22,dm
ha-er-bin-shi,107.9,dm
tang-shan-shi,36.1,dm
shang-qiu-shi,37.3,dm
jia-xing-shi,49.2,dm
da-qing-shi,25.1,dm
da-lian-shi,74.4,dm
tian-jin-shi,142.6,dm
tai-yuan-shi,82.9,dm
wei-hai-shi,25.4,dm
ning-de-shi,23.4,dm
ning-bo-shi,79.2,dm
su-zhou-shi,27.9,dm
su-qian-shi,30.5,dm
chang-zhou-shi,45.1,dm
guang-zhou-shi,160.7,dm
nei-lu-CDC-suo-zai-cheng-shi,53.6,dm
zhang-jia-kou-shi,22.1,dm
xu-zhou-shi,66.6,dm
de-zhou-shi,24.6,dm
hui-zhou-shi,47,dm
cheng-du-shi,157.1,dm
yang-zhou-shi,25.2,dm
cheng-de-shi,15.8,dm
jie-yang-shi,30,dm
xin-xiang-shi,40.4,dm
wu-xi-shi,71.6,dm
ri-zhao-shi,22,dm
kun-ming-shi,56.5,dm
hang-zhou-shi,157.3,dm
wu-han-shi,112.2,dm
shan-tou-shi,38.3,dm
jiang-men-shi,21.3,dm
shen-yang-shi,95.3,dm
cang-zhou-shi,33,dm
quan-zhou-shi,73.2,dm
tai-an-shi,22.6,dm
tai-zhou-shi,26,dm
luo-yang-shi,31.7,dm
ji-nan-shi,83.5,dm
ji-ning-shi,41.6,dm
zi-bo-shi,26.8,dm
huai-an-shi,28.2,dm
shen-zhen-shi,166.1,dm
wen-zhou-shi,106.5,dm
hu-zhou-shi,27.8,dm
zhan-jiang-shi,25.6,dm
chu-zhou-shi,22.7,dm
zhang-zhou-shi,32.3,dm
wei-fang-shi,64.4,dm
yan-tai-shi,58.7,dm
zhu-hai-shi,21.9,dm
yan-cheng-shi,49.7,dm
shi-jia-zhuang-shi,90.7,dm
fu-zhou-shi,81.3,dm
shao-xing-shi,42.8,dm
mian-yang-shi,24.1,dm
liao-cheng-shi,25.2,dm
wu-hu-shi,26.8,dm
su-zhou-shi,95.8,dm
he-ze-shi,33.7,dm
heng-yang-shi,23.6,dm
xiang-yang-shi,21.3,dm
xi-an-shi,155,dm
gui-yang-shi,42.1,dm
gan-zhou-shi,33.2,dm
yun-cheng-shi,32.3,dm
lian-yun-gang-shi,36.6,dm
xing-tai-shi,25.5,dm
han-dan-shi,37.7,dm
zheng-zhou-shi,118.3,dm
chong-qing-shi,142.9,dm
jin-hua-shi,68.7,dm
zhen-jiang-shi,26.2,dm
chang-chun-shi,77,dm
chang-sha-shi,104.9,dm
fu-yang-shi,37.5,dm
qing-dao-shi,104.3,dm
an-shan-shi,37.6,dm
shang-hai-shi,449.2,im
shang-rao-shi,9.5,im
dong-guan-shi,41.8,im
dong-ying-shi,10.6,im
zhong-shan-shi,13.9,im
lin-fen-shi,8.3,im
lin-yi-shi,22.5,im
jiu-jiang-shi,8.4,im
bo-zhou-shi,7.7,im
fo-shan-shi,35.6,im
bao-ding-shi,23.6,im
xin-yang-shi,8.5,im
lu-an-shi,12.7,im
lan-zhou-shi,19.6,im
bao-tou-shi,11.1,im
bei-jing-shi,328.6,im
nan-jing-shi,101.5,im
nan-ning-shi,25.9,im
nan-chang-shi,23.8,im
nan-tong-shi,50.6,im
nan-yang-shi,7.6,im
gang-kou-CDC-suo-zai-cheng-shi,30.2,im
tai-zhou-shi,23.9,im
he-fei-shi,70.9,im
ji-lin-shi,9,im
zhou-kou-shi,7.9,im
hu-he-hao-te-shi,24.7,im
xian-yang-shi,8.3,im
ha-er-bin-shi,65.4,im
tang-shan-shi,21.1,im
shang-qiu-shi,9.6,im
jia-xing-shi,28.3,im
da-qing-shi,11.5,im
da-lian-shi,49.5,im
tian-jin-shi,87,im
tai-yuan-shi,39.9,im
wei-hai-shi,13,im
ning-de-shi,9,im
ning-bo-shi,57.6,im
su-zhou-shi,7.7,im
su-qian-shi,8.7,im
chang-zhou-shi,35.9,im
guang-zhou-shi,108.9,im
nei-lu-CDC-suo-zai-cheng-shi,29,im
zhang-jia-kou-shi,8.3,im
xu-zhou-shi,28.9,im
de-zhou-shi,7.9,im
hui-zhou-shi,17.5,im
cheng-du-shi,145,im
yang-zhou-shi,11.8,im
cheng-de-shi,15,im
jie-yang-shi,11.6,im
xin-xiang-shi,12.4,im
wu-xi-shi,43.9,im
ri-zhao-shi,8.2,im
kun-ming-shi,31.4,im
hang-zhou-shi,586.6,im
wu-han-shi,93.1,im
shan-tou-shi,20,im
jiang-men-shi,10.5,im
shen-yang-shi,61,im
cang-zhou-shi,16.3,im
quan-zhou-shi,35,im
tai-an-shi,8.7,im
tai-zhou-shi,14.6,im
luo-yang-shi,12.8,im
ji-nan-shi,58,im
ji-ning-shi,15.8,im
zi-bo-shi,13.5,im
huai-an-shi,20.3,im
shen-zhen-shi,109.7,im
wen-zhou-shi,59.9,im
hu-zhou-shi,15.7,im
zhan-jiang-shi,8.4,im
chu-zhou-shi,17.1,im
zhang-zhou-shi,12.8,im
wei-fang-shi,24.3,im
yan-tai-shi,46.6,im
zhu-hai-shi,13,im
yan-cheng-shi,18.4,im
shi-jia-zhuang-shi,33,im
fu-zhou-shi,45.7,im
shao-xing-shi,46.9,im
mian-yang-shi,9,im
liao-cheng-shi,7.9,im
wu-hu-shi,13.3,im
su-zhou-shi,69.7,im
he-ze-shi,9.8,im
heng-yang-shi,7.3,im
xiang-yang-shi,12.1,im
xi-an-shi,85.4,im
gui-yang-shi,29.7,im
gan-zhou-shi,11.1,im
yun-cheng-shi,8.7,im
lian-yun-gang-shi,16.3,im
xing-tai-shi,7.8,im
han-dan-shi,12.7,im
zheng-zhou-shi,57.3,im
chong-qing-shi,91.5,im
jin-hua-shi,45.3,im
zhen-jiang-shi,13.4,im
chang-chun-shi,45.8,im
chang-sha-shi,48.8,im
fu-yang-shi,9.6,im
qing-dao-shi,75.5,im
an-shan-shi,15.3,im
