,From,To,TimeIndi
0,nei-lu-CDC,cheng-du-DC,0
1,nei-lu-CDC,dong-guan-DC,0
2,nei-lu-CDC,guang-zhou-DC,0
3,nei-lu-CDC,nei-lu-CDC,1
4,nei-lu-CDC,nan-jing-DC,0
5,nei-lu-CDC,qing-dao-DC,1
6,nei-lu-CDC,gang-kou-CDC,0
7,nei-lu-CDC,shang-hai-DC,0
8,nei-lu-CDC,shen-zhen-DC,0
9,nei-lu-CDC,tian-jin-DC,1
10,nei-lu-CDC,xi-an-DC,0
11,nei-lu-CDC,chang-sha-DC,0
12,nei-lu-CDC,zheng-zhou-DC,1
13,nei-lu-CDC,hang-zhou-DC,0
14,nei-lu-CDC,wu-han-DC,0
15,nei-lu-CDC,da-lian-DC,0
16,nei-lu-CDC,ha-er-bin-DC,0
17,nei-lu-CDC,bei-jing-DC,1
18,nei-lu-CDC,ning-bo-DC,0
19,nei-lu-CDC,chong-qing-DC,0
20,gang-kou-CDC,cheng-du-DC,0
21,gang-kou-CDC,dong-guan-DC,1
22,gang-kou-CDC,guang-zhou-DC,1
23,gang-kou-CDC,nei-lu-CDC,0
24,gang-kou-CDC,nan-jing-DC,0
25,gang-kou-CDC,qing-dao-DC,0
26,gang-kou-CDC,gang-kou-CDC-suo-zai-cheng-shi,1
27,gang-kou-CDC,shang-hai-DC,0
28,gang-kou-CDC,shen-zhen-DC,1
29,gang-kou-CDC,tian-jin-DC,0
30,gang-kou-CDC,xi-an-DC,0
31,gang-kou-CDC,chang-sha-DC,0
32,gang-kou-CDC,zheng-zhou-DC,0
33,gang-kou-CDC,hang-zhou-DC,0
34,gang-kou-CDC,wu-han-DC,0
35,gang-kou-CDC,da-lian-DC,0
36,gang-kou-CDC,ha-er-bin-DC,0
37,gang-kou-CDC,bei-jing-DC,0
38,gang-kou-CDC,ning-bo-DC,0
39,gang-kou-CDC,chong-qing-DC,0
40,cheng-du-DC,bo-zhou-shi,0
41,cheng-du-DC,chu-zhou-shi,0
42,cheng-du-DC,fu-yang-shi,0
43,cheng-du-DC,he-fei-shi,0
44,cheng-du-DC,lu-an-shi,0
45,cheng-du-DC,wu-hu-shi,0
46,cheng-du-DC,su-zhou-shi1,0
47,cheng-du-DC,bei-jing-shi,0
48,cheng-du-DC,fu-zhou-shi,0
49,cheng-du-DC,ning-de-shi,0
50,cheng-du-DC,quan-zhou-shi,0
51,cheng-du-DC,gang-kou-CDC-suo-zai-cheng-shi,0
52,cheng-du-DC,zhang-zhou-shi,0
53,cheng-du-DC,lan-zhou-shi,0
54,cheng-du-DC,dong-guan-shi,0
55,cheng-du-DC,fo-shan-shi,0
56,cheng-du-DC,guang-zhou-shi,0
57,cheng-du-DC,hui-zhou-shi,0
58,cheng-du-DC,jiang-men-shi,0
59,cheng-du-DC,jie-yang-shi,0
60,cheng-du-DC,shan-tou-shi,0
61,cheng-du-DC,shen-zhen-shi,0
62,cheng-du-DC,zhan-jiang-shi,0
63,cheng-du-DC,zhong-shan-shi,0
64,cheng-du-DC,zhu-hai-shi,0
65,cheng-du-DC,nan-ning-shi,0
66,cheng-du-DC,gui-yang-shi,1
67,cheng-du-DC,bao-ding-shi,0
68,cheng-du-DC,cang-zhou-shi,0
69,cheng-du-DC,cheng-de-shi,0
70,cheng-du-DC,han-dan-shi,0
71,cheng-du-DC,nei-lu-CDC-suo-zai-cheng-shi,0
72,cheng-du-DC,shi-jia-zhuang-shi,0
73,cheng-du-DC,tang-shan-shi,0
74,cheng-du-DC,xing-tai-shi,0
75,cheng-du-DC,zhang-jia-kou-shi,0
76,cheng-du-DC,luo-yang-shi,0
77,cheng-du-DC,nan-yang-shi,0
78,cheng-du-DC,shang-qiu-shi,0
79,cheng-du-DC,xin-xiang-shi,0
80,cheng-du-DC,xin-yang-shi,0
81,cheng-du-DC,zheng-zhou-shi,0
82,cheng-du-DC,zhou-kou-shi,0
83,cheng-du-DC,da-qing-shi,0
84,cheng-du-DC,ha-er-bin-shi,0
85,cheng-du-DC,wu-han-shi,0
86,cheng-du-DC,xiang-yang-shi,0
87,cheng-du-DC,heng-yang-shi,0
88,cheng-du-DC,chang-sha-shi,0
89,cheng-du-DC,ji-lin-shi,0
90,cheng-du-DC,chang-chun-shi,0
91,cheng-du-DC,chang-zhou-shi,0
92,cheng-du-DC,huai-an-shi,0
93,cheng-du-DC,lian-yun-gang-shi,0
94,cheng-du-DC,nan-jing-shi,0
95,cheng-du-DC,nan-tong-shi,0
96,cheng-du-DC,su-zhou-shi2,0
97,cheng-du-DC,tai-zhou-shi1,0
98,cheng-du-DC,wu-xi-shi,0
99,cheng-du-DC,su-qian-shi,0
100,cheng-du-DC,xu-zhou-shi,0
101,cheng-du-DC,yan-cheng-shi,0
102,cheng-du-DC,yang-zhou-shi,0
103,cheng-du-DC,zhen-jiang-shi,0
104,cheng-du-DC,gan-zhou-shi,0
105,cheng-du-DC,jiu-jiang-shi,0
106,cheng-du-DC,nan-chang-shi,0
107,cheng-du-DC,shang-rao-shi,0
108,cheng-du-DC,an-shan-shi,0
109,cheng-du-DC,da-lian-shi,0
110,cheng-du-DC,shen-yang-shi,0
111,cheng-du-DC,bao-tou-shi,0
112,cheng-du-DC,hu-he-hao-te-shi,0
113,cheng-du-DC,de-zhou-shi,0
114,cheng-du-DC,dong-ying-shi,0
115,cheng-du-DC,he-ze-shi,0
116,cheng-du-DC,ji-nan-shi,0
117,cheng-du-DC,ji-ning-shi,0
118,cheng-du-DC,liao-cheng-shi,0
119,cheng-du-DC,lin-yi-shi,0
120,cheng-du-DC,qing-dao-shi,0
121,cheng-du-DC,ri-zhao-shi,0
122,cheng-du-DC,tai-an-shi,0
123,cheng-du-DC,wei-hai-shi,0
124,cheng-du-DC,wei-fang-shi,0
125,cheng-du-DC,yan-tai-shi,0
126,cheng-du-DC,zi-bo-shi,0
127,cheng-du-DC,lin-fen-shi,0
128,cheng-du-DC,tai-yuan-shi,0
129,cheng-du-DC,yun-cheng-shi,0
130,cheng-du-DC,xi-an-shi,0
131,cheng-du-DC,xian-yang-shi,0
132,cheng-du-DC,shang-hai-shi,0
133,cheng-du-DC,cheng-du-shi,1
134,cheng-du-DC,mian-yang-shi,1
135,cheng-du-DC,tian-jin-shi,0
136,cheng-du-DC,kun-ming-shi,0
137,cheng-du-DC,hang-zhou-shi,0
138,cheng-du-DC,hu-zhou-shi,0
139,cheng-du-DC,jia-xing-shi,0
140,cheng-du-DC,jin-hua-shi,0
141,cheng-du-DC,ning-bo-shi,0
142,cheng-du-DC,shao-xing-shi,0
143,cheng-du-DC,tai-zhou-shi2,0
144,cheng-du-DC,wen-zhou-shi,0
145,cheng-du-DC,chong-qing-shi,1
146,dong-guan-DC,bo-zhou-shi,0
147,dong-guan-DC,chu-zhou-shi,0
148,dong-guan-DC,fu-yang-shi,0
149,dong-guan-DC,he-fei-shi,0
150,dong-guan-DC,lu-an-shi,0
151,dong-guan-DC,wu-hu-shi,0
152,dong-guan-DC,su-zhou-shi1,0
153,dong-guan-DC,bei-jing-shi,0
154,dong-guan-DC,fu-zhou-shi,1
155,dong-guan-DC,ning-de-shi,0
156,dong-guan-DC,quan-zhou-shi,1
157,dong-guan-DC,gang-kou-CDC-suo-zai-cheng-shi,1
158,dong-guan-DC,zhang-zhou-shi,1
159,dong-guan-DC,lan-zhou-shi,0
160,dong-guan-DC,dong-guan-shi,1
161,dong-guan-DC,fo-shan-shi,1
162,dong-guan-DC,guang-zhou-shi,1
163,dong-guan-DC,hui-zhou-shi,1
164,dong-guan-DC,jiang-men-shi,1
165,dong-guan-DC,jie-yang-shi,1
166,dong-guan-DC,shan-tou-shi,1
167,dong-guan-DC,shen-zhen-shi,1
168,dong-guan-DC,zhan-jiang-shi,1
169,dong-guan-DC,zhong-shan-shi,1
170,dong-guan-DC,zhu-hai-shi,1
171,dong-guan-DC,nan-ning-shi,1
172,dong-guan-DC,gui-yang-shi,0
173,dong-guan-DC,bao-ding-shi,0
174,dong-guan-DC,cang-zhou-shi,0
175,dong-guan-DC,cheng-de-shi,0
176,dong-guan-DC,han-dan-shi,0
177,dong-guan-DC,nei-lu-CDC-suo-zai-cheng-shi,0
178,dong-guan-DC,shi-jia-zhuang-shi,0
179,dong-guan-DC,tang-shan-shi,0
180,dong-guan-DC,xing-tai-shi,0
181,dong-guan-DC,zhang-jia-kou-shi,0
182,dong-guan-DC,luo-yang-shi,0
183,dong-guan-DC,nan-yang-shi,0
184,dong-guan-DC,shang-qiu-shi,0
185,dong-guan-DC,xin-xiang-shi,0
186,dong-guan-DC,xin-yang-shi,0
187,dong-guan-DC,zheng-zhou-shi,0
188,dong-guan-DC,zhou-kou-shi,0
189,dong-guan-DC,da-qing-shi,0
190,dong-guan-DC,ha-er-bin-shi,0
191,dong-guan-DC,wu-han-shi,0
192,dong-guan-DC,xiang-yang-shi,0
193,dong-guan-DC,heng-yang-shi,1
194,dong-guan-DC,chang-sha-shi,1
195,dong-guan-DC,ji-lin-shi,0
196,dong-guan-DC,chang-chun-shi,0
197,dong-guan-DC,chang-zhou-shi,0
198,dong-guan-DC,huai-an-shi,0
199,dong-guan-DC,lian-yun-gang-shi,0
200,dong-guan-DC,nan-jing-shi,0
201,dong-guan-DC,nan-tong-shi,0
202,dong-guan-DC,su-zhou-shi2,0
203,dong-guan-DC,tai-zhou-shi1,0
204,dong-guan-DC,wu-xi-shi,0
205,dong-guan-DC,su-qian-shi,0
206,dong-guan-DC,xu-zhou-shi,0
207,dong-guan-DC,yan-cheng-shi,0
208,dong-guan-DC,yang-zhou-shi,0
209,dong-guan-DC,zhen-jiang-shi,0
210,dong-guan-DC,gan-zhou-shi,1
211,dong-guan-DC,jiu-jiang-shi,0
212,dong-guan-DC,nan-chang-shi,1
213,dong-guan-DC,shang-rao-shi,0
214,dong-guan-DC,an-shan-shi,0
215,dong-guan-DC,da-lian-shi,0
216,dong-guan-DC,shen-yang-shi,0
217,dong-guan-DC,bao-tou-shi,0
218,dong-guan-DC,hu-he-hao-te-shi,0
219,dong-guan-DC,de-zhou-shi,0
220,dong-guan-DC,dong-ying-shi,0
221,dong-guan-DC,he-ze-shi,0
222,dong-guan-DC,ji-nan-shi,0
223,dong-guan-DC,ji-ning-shi,0
224,dong-guan-DC,liao-cheng-shi,0
225,dong-guan-DC,lin-yi-shi,0
226,dong-guan-DC,qing-dao-shi,0
227,dong-guan-DC,ri-zhao-shi,0
228,dong-guan-DC,tai-an-shi,0
229,dong-guan-DC,wei-hai-shi,0
230,dong-guan-DC,wei-fang-shi,0
231,dong-guan-DC,yan-tai-shi,0
232,dong-guan-DC,zi-bo-shi,0
233,dong-guan-DC,lin-fen-shi,0
234,dong-guan-DC,tai-yuan-shi,0
235,dong-guan-DC,yun-cheng-shi,0
236,dong-guan-DC,xi-an-shi,0
237,dong-guan-DC,xian-yang-shi,0
238,dong-guan-DC,shang-hai-shi,0
239,dong-guan-DC,cheng-du-shi,0
240,dong-guan-DC,mian-yang-shi,0
241,dong-guan-DC,tian-jin-shi,0
242,dong-guan-DC,kun-ming-shi,0
243,dong-guan-DC,hang-zhou-shi,0
244,dong-guan-DC,hu-zhou-shi,0
245,dong-guan-DC,jia-xing-shi,0
246,dong-guan-DC,jin-hua-shi,0
247,dong-guan-DC,ning-bo-shi,0
248,dong-guan-DC,shao-xing-shi,0
249,dong-guan-DC,tai-zhou-shi2,0
250,dong-guan-DC,wen-zhou-shi,0
251,dong-guan-DC,chong-qing-shi,0
252,guang-zhou-DC,bo-zhou-shi,0
253,guang-zhou-DC,chu-zhou-shi,0
254,guang-zhou-DC,fu-yang-shi,0
255,guang-zhou-DC,he-fei-shi,0
256,guang-zhou-DC,lu-an-shi,0
257,guang-zhou-DC,wu-hu-shi,0
258,guang-zhou-DC,su-zhou-shi1,0
259,guang-zhou-DC,bei-jing-shi,0
260,guang-zhou-DC,fu-zhou-shi,0
261,guang-zhou-DC,ning-de-shi,0
262,guang-zhou-DC,quan-zhou-shi,1
263,guang-zhou-DC,gang-kou-CDC-suo-zai-cheng-shi,1
264,guang-zhou-DC,zhang-zhou-shi,1
265,guang-zhou-DC,lan-zhou-shi,0
266,guang-zhou-DC,dong-guan-shi,1
267,guang-zhou-DC,fo-shan-shi,1
268,guang-zhou-DC,guang-zhou-shi,1
269,guang-zhou-DC,hui-zhou-shi,1
270,guang-zhou-DC,jiang-men-shi,1
271,guang-zhou-DC,jie-yang-shi,1
272,guang-zhou-DC,shan-tou-shi,1
273,guang-zhou-DC,shen-zhen-shi,1
274,guang-zhou-DC,zhan-jiang-shi,1
275,guang-zhou-DC,zhong-shan-shi,1
276,guang-zhou-DC,zhu-hai-shi,1
277,guang-zhou-DC,nan-ning-shi,1
278,guang-zhou-DC,gui-yang-shi,0
279,guang-zhou-DC,bao-ding-shi,0
280,guang-zhou-DC,cang-zhou-shi,0
281,guang-zhou-DC,cheng-de-shi,0
282,guang-zhou-DC,han-dan-shi,0
283,guang-zhou-DC,nei-lu-CDC-suo-zai-cheng-shi,0
284,guang-zhou-DC,shi-jia-zhuang-shi,0
285,guang-zhou-DC,tang-shan-shi,0
286,guang-zhou-DC,xing-tai-shi,0
287,guang-zhou-DC,zhang-jia-kou-shi,0
288,guang-zhou-DC,luo-yang-shi,0
289,guang-zhou-DC,nan-yang-shi,0
290,guang-zhou-DC,shang-qiu-shi,0
291,guang-zhou-DC,xin-xiang-shi,0
292,guang-zhou-DC,xin-yang-shi,0
293,guang-zhou-DC,zheng-zhou-shi,0
294,guang-zhou-DC,zhou-kou-shi,0
295,guang-zhou-DC,da-qing-shi,0
296,guang-zhou-DC,ha-er-bin-shi,0
297,guang-zhou-DC,wu-han-shi,0
298,guang-zhou-DC,xiang-yang-shi,0
299,guang-zhou-DC,heng-yang-shi,1
300,guang-zhou-DC,chang-sha-shi,1
301,guang-zhou-DC,ji-lin-shi,0
302,guang-zhou-DC,chang-chun-shi,0
303,guang-zhou-DC,chang-zhou-shi,0
304,guang-zhou-DC,huai-an-shi,0
305,guang-zhou-DC,lian-yun-gang-shi,0
306,guang-zhou-DC,nan-jing-shi,0
307,guang-zhou-DC,nan-tong-shi,0
308,guang-zhou-DC,su-zhou-shi2,0
309,guang-zhou-DC,tai-zhou-shi1,0
310,guang-zhou-DC,wu-xi-shi,0
311,guang-zhou-DC,su-qian-shi,0
312,guang-zhou-DC,xu-zhou-shi,0
313,guang-zhou-DC,yan-cheng-shi,0
314,guang-zhou-DC,yang-zhou-shi,0
315,guang-zhou-DC,zhen-jiang-shi,0
316,guang-zhou-DC,gan-zhou-shi,1
317,guang-zhou-DC,jiu-jiang-shi,0
318,guang-zhou-DC,nan-chang-shi,1
319,guang-zhou-DC,shang-rao-shi,0
320,guang-zhou-DC,an-shan-shi,0
321,guang-zhou-DC,da-lian-shi,0
322,guang-zhou-DC,shen-yang-shi,0
323,guang-zhou-DC,bao-tou-shi,0
324,guang-zhou-DC,hu-he-hao-te-shi,0
325,guang-zhou-DC,de-zhou-shi,0
326,guang-zhou-DC,dong-ying-shi,0
327,guang-zhou-DC,he-ze-shi,0
328,guang-zhou-DC,ji-nan-shi,0
329,guang-zhou-DC,ji-ning-shi,0
330,guang-zhou-DC,liao-cheng-shi,0
331,guang-zhou-DC,lin-yi-shi,0
332,guang-zhou-DC,qing-dao-shi,0
333,guang-zhou-DC,ri-zhao-shi,0
334,guang-zhou-DC,tai-an-shi,0
335,guang-zhou-DC,wei-hai-shi,0
336,guang-zhou-DC,wei-fang-shi,0
337,guang-zhou-DC,yan-tai-shi,0
338,guang-zhou-DC,zi-bo-shi,0
339,guang-zhou-DC,lin-fen-shi,0
340,guang-zhou-DC,tai-yuan-shi,0
341,guang-zhou-DC,yun-cheng-shi,0
342,guang-zhou-DC,xi-an-shi,0
343,guang-zhou-DC,xian-yang-shi,0
344,guang-zhou-DC,shang-hai-shi,0
345,guang-zhou-DC,cheng-du-shi,0
346,guang-zhou-DC,mian-yang-shi,0
347,guang-zhou-DC,tian-jin-shi,0
348,guang-zhou-DC,kun-ming-shi,0
349,guang-zhou-DC,hang-zhou-shi,0
350,guang-zhou-DC,hu-zhou-shi,0
351,guang-zhou-DC,jia-xing-shi,0
352,guang-zhou-DC,jin-hua-shi,0
353,guang-zhou-DC,ning-bo-shi,0
354,guang-zhou-DC,shao-xing-shi,0
355,guang-zhou-DC,tai-zhou-shi2,0
356,guang-zhou-DC,wen-zhou-shi,0
357,guang-zhou-DC,chong-qing-shi,0
358,nei-lu-CDC,bo-zhou-shi,1
359,nei-lu-CDC,chu-zhou-shi,0
360,nei-lu-CDC,fu-yang-shi,0
361,nei-lu-CDC,he-fei-shi,0
362,nei-lu-CDC,lu-an-shi,0
363,nei-lu-CDC,wu-hu-shi,0
364,nei-lu-CDC,su-zhou-shi1,0
365,nei-lu-CDC,bei-jing-shi,1
366,nei-lu-CDC,fu-zhou-shi,0
367,nei-lu-CDC,ning-de-shi,0
368,nei-lu-CDC,quan-zhou-shi,0
369,nei-lu-CDC,gang-kou-CDC-suo-zai-cheng-shi,0
370,nei-lu-CDC,zhang-zhou-shi,0
371,nei-lu-CDC,lan-zhou-shi,0
372,nei-lu-CDC,dong-guan-shi,0
373,nei-lu-CDC,fo-shan-shi,0
374,nei-lu-CDC,guang-zhou-shi,0
375,nei-lu-CDC,hui-zhou-shi,0
376,nei-lu-CDC,jiang-men-shi,0
377,nei-lu-CDC,jie-yang-shi,0
378,nei-lu-CDC,shan-tou-shi,0
379,nei-lu-CDC,shen-zhen-shi,0
380,nei-lu-CDC,zhan-jiang-shi,0
381,nei-lu-CDC,zhong-shan-shi,0
382,nei-lu-CDC,zhu-hai-shi,0
383,nei-lu-CDC,nan-ning-shi,0
384,nei-lu-CDC,gui-yang-shi,0
385,nei-lu-CDC,bao-ding-shi,1
386,nei-lu-CDC,cang-zhou-shi,1
387,nei-lu-CDC,cheng-de-shi,1
388,nei-lu-CDC,han-dan-shi,1
389,nei-lu-CDC,nei-lu-CDC-suo-zai-cheng-shi,1
390,nei-lu-CDC,shi-jia-zhuang-shi,1
391,nei-lu-CDC,tang-shan-shi,1
392,nei-lu-CDC,xing-tai-shi,1
393,nei-lu-CDC,zhang-jia-kou-shi,1
394,nei-lu-CDC,luo-yang-shi,1
395,nei-lu-CDC,nan-yang-shi,0
396,nei-lu-CDC,shang-qiu-shi,1
397,nei-lu-CDC,xin-xiang-shi,1
398,nei-lu-CDC,xin-yang-shi,0
399,nei-lu-CDC,zheng-zhou-shi,1
400,nei-lu-CDC,zhou-kou-shi,1
401,nei-lu-CDC,da-qing-shi,0
402,nei-lu-CDC,ha-er-bin-shi,0
403,nei-lu-CDC,wu-han-shi,0
404,nei-lu-CDC,xiang-yang-shi,0
405,nei-lu-CDC,heng-yang-shi,0
406,nei-lu-CDC,chang-sha-shi,0
407,nei-lu-CDC,ji-lin-shi,0
408,nei-lu-CDC,chang-chun-shi,0
409,nei-lu-CDC,chang-zhou-shi,0
410,nei-lu-CDC,huai-an-shi,0
411,nei-lu-CDC,lian-yun-gang-shi,1
412,nei-lu-CDC,nan-jing-shi,0
413,nei-lu-CDC,nan-tong-shi,0
414,nei-lu-CDC,su-zhou-shi2,0
415,nei-lu-CDC,tai-zhou-shi1,0
416,nei-lu-CDC,wu-xi-shi,0
417,nei-lu-CDC,su-qian-shi,1
418,nei-lu-CDC,xu-zhou-shi,1
419,nei-lu-CDC,yan-cheng-shi,0
420,nei-lu-CDC,yang-zhou-shi,0
421,nei-lu-CDC,zhen-jiang-shi,0
422,nei-lu-CDC,gan-zhou-shi,0
423,nei-lu-CDC,jiu-jiang-shi,0
424,nei-lu-CDC,nan-chang-shi,0
425,nei-lu-CDC,shang-rao-shi,0
426,nei-lu-CDC,an-shan-shi,1
427,nei-lu-CDC,da-lian-shi,0
428,nei-lu-CDC,shen-yang-shi,1
429,nei-lu-CDC,bao-tou-shi,0
430,nei-lu-CDC,hu-he-hao-te-shi,1
431,nei-lu-CDC,de-zhou-shi,1
432,nei-lu-CDC,dong-ying-shi,1
433,nei-lu-CDC,he-ze-shi,1
434,nei-lu-CDC,ji-nan-shi,1
435,nei-lu-CDC,ji-ning-shi,1
436,nei-lu-CDC,liao-cheng-shi,1
437,nei-lu-CDC,lin-yi-shi,1
438,nei-lu-CDC,qing-dao-shi,1
439,nei-lu-CDC,ri-zhao-shi,1
440,nei-lu-CDC,tai-an-shi,1
441,nei-lu-CDC,wei-hai-shi,1
442,nei-lu-CDC,wei-fang-shi,1
443,nei-lu-CDC,yan-tai-shi,1
444,nei-lu-CDC,zi-bo-shi,1
445,nei-lu-CDC,lin-fen-shi,1
446,nei-lu-CDC,tai-yuan-shi,1
447,nei-lu-CDC,yun-cheng-shi,0
448,nei-lu-CDC,xi-an-shi,0
449,nei-lu-CDC,xian-yang-shi,0
450,nei-lu-CDC,shang-hai-shi,0
451,nei-lu-CDC,cheng-du-shi,0
452,nei-lu-CDC,mian-yang-shi,0
453,nei-lu-CDC,tian-jin-shi,1
454,nei-lu-CDC,kun-ming-shi,0
455,nei-lu-CDC,hang-zhou-shi,0
456,nei-lu-CDC,hu-zhou-shi,0
457,nei-lu-CDC,jia-xing-shi,0
458,nei-lu-CDC,jin-hua-shi,0
459,nei-lu-CDC,ning-bo-shi,0
460,nei-lu-CDC,shao-xing-shi,0
461,nei-lu-CDC,tai-zhou-shi2,0
462,nei-lu-CDC,wen-zhou-shi,0
463,nei-lu-CDC,chong-qing-shi,0
464,nan-jing-DC,bo-zhou-shi,1
465,nan-jing-DC,chu-zhou-shi,1
466,nan-jing-DC,fu-yang-shi,1
467,nan-jing-DC,he-fei-shi,1
468,nan-jing-DC,lu-an-shi,1
469,nan-jing-DC,wu-hu-shi,1
470,nan-jing-DC,su-zhou-shi1,1
471,nan-jing-DC,bei-jing-shi,0
472,nan-jing-DC,fu-zhou-shi,0
473,nan-jing-DC,ning-de-shi,0
474,nan-jing-DC,quan-zhou-shi,0
475,nan-jing-DC,gang-kou-CDC-suo-zai-cheng-shi,0
476,nan-jing-DC,zhang-zhou-shi,0
477,nan-jing-DC,lan-zhou-shi,0
478,nan-jing-DC,dong-guan-shi,0
479,nan-jing-DC,fo-shan-shi,0
480,nan-jing-DC,guang-zhou-shi,0
481,nan-jing-DC,hui-zhou-shi,0
482,nan-jing-DC,jiang-men-shi,0
483,nan-jing-DC,jie-yang-shi,0
484,nan-jing-DC,shan-tou-shi,0
485,nan-jing-DC,shen-zhen-shi,0
486,nan-jing-DC,zhan-jiang-shi,0
487,nan-jing-DC,zhong-shan-shi,0
488,nan-jing-DC,zhu-hai-shi,0
489,nan-jing-DC,nan-ning-shi,0
490,nan-jing-DC,gui-yang-shi,0
491,nan-jing-DC,bao-ding-shi,0
492,nan-jing-DC,cang-zhou-shi,0
493,nan-jing-DC,cheng-de-shi,0
494,nan-jing-DC,han-dan-shi,1
495,nan-jing-DC,nei-lu-CDC-suo-zai-cheng-shi,0
496,nan-jing-DC,shi-jia-zhuang-shi,0
497,nan-jing-DC,tang-shan-shi,0
498,nan-jing-DC,xing-tai-shi,0
499,nan-jing-DC,zhang-jia-kou-shi,0
500,nan-jing-DC,luo-yang-shi,1
501,nan-jing-DC,nan-yang-shi,1
502,nan-jing-DC,shang-qiu-shi,1
503,nan-jing-DC,xin-xiang-shi,1
504,nan-jing-DC,xin-yang-shi,1
505,nan-jing-DC,zheng-zhou-shi,1
506,nan-jing-DC,zhou-kou-shi,1
507,nan-jing-DC,da-qing-shi,0
508,nan-jing-DC,ha-er-bin-shi,0
509,nan-jing-DC,wu-han-shi,1
510,nan-jing-DC,xiang-yang-shi,1
511,nan-jing-DC,heng-yang-shi,0
512,nan-jing-DC,chang-sha-shi,0
513,nan-jing-DC,ji-lin-shi,0
514,nan-jing-DC,chang-chun-shi,0
515,nan-jing-DC,chang-zhou-shi,1
516,nan-jing-DC,huai-an-shi,1
517,nan-jing-DC,lian-yun-gang-shi,1
518,nan-jing-DC,nan-jing-shi,1
519,nan-jing-DC,nan-tong-shi,1
520,nan-jing-DC,su-zhou-shi2,1
521,nan-jing-DC,tai-zhou-shi1,1
522,nan-jing-DC,wu-xi-shi,1
523,nan-jing-DC,su-qian-shi,1
524,nan-jing-DC,xu-zhou-shi,1
525,nan-jing-DC,yan-cheng-shi,1
526,nan-jing-DC,yang-zhou-shi,1
527,nan-jing-DC,zhen-jiang-shi,1
528,nan-jing-DC,gan-zhou-shi,0
529,nan-jing-DC,jiu-jiang-shi,1
530,nan-jing-DC,nan-chang-shi,1
531,nan-jing-DC,shang-rao-shi,1
532,nan-jing-DC,an-shan-shi,0
533,nan-jing-DC,da-lian-shi,0
534,nan-jing-DC,shen-yang-shi,0
535,nan-jing-DC,bao-tou-shi,0
536,nan-jing-DC,hu-he-hao-te-shi,0
537,nan-jing-DC,de-zhou-shi,1
538,nan-jing-DC,dong-ying-shi,1
539,nan-jing-DC,he-ze-shi,1
540,nan-jing-DC,ji-nan-shi,1
541,nan-jing-DC,ji-ning-shi,1
542,nan-jing-DC,liao-cheng-shi,1
543,nan-jing-DC,lin-yi-shi,1
544,nan-jing-DC,qing-dao-shi,1
545,nan-jing-DC,ri-zhao-shi,1
546,nan-jing-DC,tai-an-shi,1
547,nan-jing-DC,wei-hai-shi,1
548,nan-jing-DC,wei-fang-shi,1
549,nan-jing-DC,yan-tai-shi,1
550,nan-jing-DC,zi-bo-shi,1
551,nan-jing-DC,lin-fen-shi,0
552,nan-jing-DC,tai-yuan-shi,0
553,nan-jing-DC,yun-cheng-shi,0
554,nan-jing-DC,xi-an-shi,0
555,nan-jing-DC,xian-yang-shi,0
556,nan-jing-DC,shang-hai-shi,1
557,nan-jing-DC,cheng-du-shi,0
558,nan-jing-DC,mian-yang-shi,0
559,nan-jing-DC,tian-jin-shi,0
560,nan-jing-DC,kun-ming-shi,0
561,nan-jing-DC,hang-zhou-shi,1
562,nan-jing-DC,hu-zhou-shi,1
563,nan-jing-DC,jia-xing-shi,1
564,nan-jing-DC,jin-hua-shi,1
565,nan-jing-DC,ning-bo-shi,1
566,nan-jing-DC,shao-xing-shi,1
567,nan-jing-DC,tai-zhou-shi2,1
568,nan-jing-DC,wen-zhou-shi,1
569,nan-jing-DC,chong-qing-shi,0
570,qing-dao-DC,bo-zhou-shi,1
571,qing-dao-DC,chu-zhou-shi,1
572,qing-dao-DC,fu-yang-shi,1
573,qing-dao-DC,he-fei-shi,1
574,qing-dao-DC,lu-an-shi,1
575,qing-dao-DC,wu-hu-shi,1
576,qing-dao-DC,su-zhou-shi1,1
577,qing-dao-DC,bei-jing-shi,1
578,qing-dao-DC,fu-zhou-shi,0
579,qing-dao-DC,ning-de-shi,0
580,qing-dao-DC,quan-zhou-shi,0
581,qing-dao-DC,gang-kou-CDC-suo-zai-cheng-shi,0
582,qing-dao-DC,zhang-zhou-shi,0
583,qing-dao-DC,lan-zhou-shi,0
584,qing-dao-DC,dong-guan-shi,0
585,qing-dao-DC,fo-shan-shi,0
586,qing-dao-DC,guang-zhou-shi,0
587,qing-dao-DC,hui-zhou-shi,0
588,qing-dao-DC,jiang-men-shi,0
589,qing-dao-DC,jie-yang-shi,0
590,qing-dao-DC,shan-tou-shi,0
591,qing-dao-DC,shen-zhen-shi,0
592,qing-dao-DC,zhan-jiang-shi,0
593,qing-dao-DC,zhong-shan-shi,0
594,qing-dao-DC,zhu-hai-shi,0
595,qing-dao-DC,nan-ning-shi,0
596,qing-dao-DC,gui-yang-shi,0
597,qing-dao-DC,bao-ding-shi,1
598,qing-dao-DC,cang-zhou-shi,1
599,qing-dao-DC,cheng-de-shi,0
600,qing-dao-DC,han-dan-shi,1
601,qing-dao-DC,nei-lu-CDC-suo-zai-cheng-shi,1
602,qing-dao-DC,shi-jia-zhuang-shi,1
603,qing-dao-DC,tang-shan-shi,1
604,qing-dao-DC,xing-tai-shi,1
605,qing-dao-DC,zhang-jia-kou-shi,0
606,qing-dao-DC,luo-yang-shi,0
607,qing-dao-DC,nan-yang-shi,0
608,qing-dao-DC,shang-qiu-shi,1
609,qing-dao-DC,xin-xiang-shi,1
610,qing-dao-DC,xin-yang-shi,0
611,qing-dao-DC,zheng-zhou-shi,1
612,qing-dao-DC,zhou-kou-shi,1
613,qing-dao-DC,da-qing-shi,0
614,qing-dao-DC,ha-er-bin-shi,0
615,qing-dao-DC,wu-han-shi,0
616,qing-dao-DC,xiang-yang-shi,0
617,qing-dao-DC,heng-yang-shi,0
618,qing-dao-DC,chang-sha-shi,0
619,qing-dao-DC,ji-lin-shi,0
620,qing-dao-DC,chang-chun-shi,0
621,qing-dao-DC,chang-zhou-shi,1
622,qing-dao-DC,huai-an-shi,1
623,qing-dao-DC,lian-yun-gang-shi,1
624,qing-dao-DC,nan-jing-shi,1
625,qing-dao-DC,nan-tong-shi,1
626,qing-dao-DC,su-zhou-shi2,1
627,qing-dao-DC,tai-zhou-shi1,1
628,qing-dao-DC,wu-xi-shi,1
629,qing-dao-DC,su-qian-shi,1
630,qing-dao-DC,xu-zhou-shi,1
631,qing-dao-DC,yan-cheng-shi,1
632,qing-dao-DC,yang-zhou-shi,1
633,qing-dao-DC,zhen-jiang-shi,1
634,qing-dao-DC,gan-zhou-shi,0
635,qing-dao-DC,jiu-jiang-shi,0
636,qing-dao-DC,nan-chang-shi,0
637,qing-dao-DC,shang-rao-shi,0
638,qing-dao-DC,an-shan-shi,0
639,qing-dao-DC,da-lian-shi,0
640,qing-dao-DC,shen-yang-shi,0
641,qing-dao-DC,bao-tou-shi,0
642,qing-dao-DC,hu-he-hao-te-shi,0
643,qing-dao-DC,de-zhou-shi,1
644,qing-dao-DC,dong-ying-shi,1
645,qing-dao-DC,he-ze-shi,1
646,qing-dao-DC,ji-nan-shi,1
647,qing-dao-DC,ji-ning-shi,1
648,qing-dao-DC,liao-cheng-shi,1
649,qing-dao-DC,lin-yi-shi,1
650,qing-dao-DC,qing-dao-shi,1
651,qing-dao-DC,ri-zhao-shi,1
652,qing-dao-DC,tai-an-shi,1
653,qing-dao-DC,wei-hai-shi,1
654,qing-dao-DC,wei-fang-shi,1
655,qing-dao-DC,yan-tai-shi,1
656,qing-dao-DC,zi-bo-shi,1
657,qing-dao-DC,lin-fen-shi,0
658,qing-dao-DC,tai-yuan-shi,0
659,qing-dao-DC,yun-cheng-shi,0
660,qing-dao-DC,xi-an-shi,0
661,qing-dao-DC,xian-yang-shi,0
662,qing-dao-DC,shang-hai-shi,1
663,qing-dao-DC,cheng-du-shi,0
664,qing-dao-DC,mian-yang-shi,0
665,qing-dao-DC,tian-jin-shi,1
666,qing-dao-DC,kun-ming-shi,0
667,qing-dao-DC,hang-zhou-shi,0
668,qing-dao-DC,hu-zhou-shi,1
669,qing-dao-DC,jia-xing-shi,1
670,qing-dao-DC,jin-hua-shi,0
671,qing-dao-DC,ning-bo-shi,0
672,qing-dao-DC,shao-xing-shi,0
673,qing-dao-DC,tai-zhou-shi2,0
674,qing-dao-DC,wen-zhou-shi,0
675,qing-dao-DC,chong-qing-shi,0
676,gang-kou-CDC,bo-zhou-shi,0
677,gang-kou-CDC,chu-zhou-shi,0
678,gang-kou-CDC,fu-yang-shi,0
679,gang-kou-CDC,he-fei-shi,0
680,gang-kou-CDC,lu-an-shi,0
681,gang-kou-CDC,wu-hu-shi,0
682,gang-kou-CDC,su-zhou-shi1,0
683,gang-kou-CDC,bei-jing-shi,0
684,gang-kou-CDC,fu-zhou-shi,1
685,gang-kou-CDC,ning-de-shi,1
686,gang-kou-CDC,quan-zhou-shi,1
687,gang-kou-CDC,gang-kou-CDC-suo-zai-cheng-shi,1
688,gang-kou-CDC,zhang-zhou-shi,1
689,gang-kou-CDC,lan-zhou-shi,0
690,gang-kou-CDC,dong-guan-shi,1
691,gang-kou-CDC,fo-shan-shi,1
692,gang-kou-CDC,guang-zhou-shi,1
693,gang-kou-CDC,hui-zhou-shi,1
694,gang-kou-CDC,jiang-men-shi,1
695,gang-kou-CDC,jie-yang-shi,1
696,gang-kou-CDC,shan-tou-shi,1
697,gang-kou-CDC,shen-zhen-shi,1
698,gang-kou-CDC,zhan-jiang-shi,0
699,gang-kou-CDC,zhong-shan-shi,1
700,gang-kou-CDC,zhu-hai-shi,1
701,gang-kou-CDC,nan-ning-shi,0
702,gang-kou-CDC,gui-yang-shi,0
703,gang-kou-CDC,bao-ding-shi,0
704,gang-kou-CDC,cang-zhou-shi,0
705,gang-kou-CDC,cheng-de-shi,0
706,gang-kou-CDC,han-dan-shi,0
707,gang-kou-CDC,nei-lu-CDC-suo-zai-cheng-shi,0
708,gang-kou-CDC,shi-jia-zhuang-shi,0
709,gang-kou-CDC,tang-shan-shi,0
710,gang-kou-CDC,xing-tai-shi,0
711,gang-kou-CDC,zhang-jia-kou-shi,0
712,gang-kou-CDC,luo-yang-shi,0
713,gang-kou-CDC,nan-yang-shi,0
714,gang-kou-CDC,shang-qiu-shi,0
715,gang-kou-CDC,xin-xiang-shi,0
716,gang-kou-CDC,xin-yang-shi,0
717,gang-kou-CDC,zheng-zhou-shi,0
718,gang-kou-CDC,zhou-kou-shi,0
719,gang-kou-CDC,da-qing-shi,0
720,gang-kou-CDC,ha-er-bin-shi,0
721,gang-kou-CDC,wu-han-shi,0
722,gang-kou-CDC,xiang-yang-shi,0
723,gang-kou-CDC,heng-yang-shi,1
724,gang-kou-CDC,chang-sha-shi,0
725,gang-kou-CDC,ji-lin-shi,0
726,gang-kou-CDC,chang-chun-shi,0
727,gang-kou-CDC,chang-zhou-shi,0
728,gang-kou-CDC,huai-an-shi,0
729,gang-kou-CDC,lian-yun-gang-shi,0
730,gang-kou-CDC,nan-jing-shi,0
731,gang-kou-CDC,nan-tong-shi,0
732,gang-kou-CDC,su-zhou-shi2,0
733,gang-kou-CDC,tai-zhou-shi1,0
734,gang-kou-CDC,wu-xi-shi,0
735,gang-kou-CDC,su-qian-shi,0
736,gang-kou-CDC,xu-zhou-shi,0
737,gang-kou-CDC,yan-cheng-shi,0
738,gang-kou-CDC,yang-zhou-shi,0
739,gang-kou-CDC,zhen-jiang-shi,0
740,gang-kou-CDC,gan-zhou-shi,1
741,gang-kou-CDC,jiu-jiang-shi,1
742,gang-kou-CDC,nan-chang-shi,1
743,gang-kou-CDC,shang-rao-shi,1
744,gang-kou-CDC,an-shan-shi,0
745,gang-kou-CDC,da-lian-shi,0
746,gang-kou-CDC,shen-yang-shi,0
747,gang-kou-CDC,bao-tou-shi,0
748,gang-kou-CDC,hu-he-hao-te-shi,0
749,gang-kou-CDC,de-zhou-shi,0
750,gang-kou-CDC,dong-ying-shi,0
751,gang-kou-CDC,he-ze-shi,0
752,gang-kou-CDC,ji-nan-shi,0
753,gang-kou-CDC,ji-ning-shi,0
754,gang-kou-CDC,liao-cheng-shi,0
755,gang-kou-CDC,lin-yi-shi,0
756,gang-kou-CDC,qing-dao-shi,0
757,gang-kou-CDC,ri-zhao-shi,0
758,gang-kou-CDC,tai-an-shi,0
759,gang-kou-CDC,wei-hai-shi,0
760,gang-kou-CDC,wei-fang-shi,0
761,gang-kou-CDC,yan-tai-shi,0
762,gang-kou-CDC,zi-bo-shi,0
763,gang-kou-CDC,lin-fen-shi,0
764,gang-kou-CDC,tai-yuan-shi,0
765,gang-kou-CDC,yun-cheng-shi,0
766,gang-kou-CDC,xi-an-shi,0
767,gang-kou-CDC,xian-yang-shi,0
768,gang-kou-CDC,shang-hai-shi,0
769,gang-kou-CDC,cheng-du-shi,0
770,gang-kou-CDC,mian-yang-shi,0
771,gang-kou-CDC,tian-jin-shi,0
772,gang-kou-CDC,kun-ming-shi,0
773,gang-kou-CDC,hang-zhou-shi,0
774,gang-kou-CDC,hu-zhou-shi,0
775,gang-kou-CDC,jia-xing-shi,0
776,gang-kou-CDC,jin-hua-shi,1
777,gang-kou-CDC,ning-bo-shi,0
778,gang-kou-CDC,shao-xing-shi,0
779,gang-kou-CDC,tai-zhou-shi2,1
780,gang-kou-CDC,wen-zhou-shi,1
781,gang-kou-CDC,chong-qing-shi,0
782,shang-hai-DC,bo-zhou-shi,1
783,shang-hai-DC,chu-zhou-shi,1
784,shang-hai-DC,fu-yang-shi,1
785,shang-hai-DC,he-fei-shi,1
786,shang-hai-DC,lu-an-shi,1
787,shang-hai-DC,wu-hu-shi,1
788,shang-hai-DC,su-zhou-shi1,1
789,shang-hai-DC,bei-jing-shi,0
790,shang-hai-DC,fu-zhou-shi,0
791,shang-hai-DC,ning-de-shi,1
792,shang-hai-DC,quan-zhou-shi,0
793,shang-hai-DC,gang-kou-CDC-suo-zai-cheng-shi,0
794,shang-hai-DC,zhang-zhou-shi,0
795,shang-hai-DC,lan-zhou-shi,0
796,shang-hai-DC,dong-guan-shi,0
797,shang-hai-DC,fo-shan-shi,0
798,shang-hai-DC,guang-zhou-shi,0
799,shang-hai-DC,hui-zhou-shi,0
800,shang-hai-DC,jiang-men-shi,0
801,shang-hai-DC,jie-yang-shi,0
802,shang-hai-DC,shan-tou-shi,0
803,shang-hai-DC,shen-zhen-shi,0
804,shang-hai-DC,zhan-jiang-shi,0
805,shang-hai-DC,zhong-shan-shi,0
806,shang-hai-DC,zhu-hai-shi,0
807,shang-hai-DC,nan-ning-shi,0
808,shang-hai-DC,gui-yang-shi,0
809,shang-hai-DC,bao-ding-shi,0
810,shang-hai-DC,cang-zhou-shi,0
811,shang-hai-DC,cheng-de-shi,0
812,shang-hai-DC,han-dan-shi,0
813,shang-hai-DC,nei-lu-CDC-suo-zai-cheng-shi,0
814,shang-hai-DC,shi-jia-zhuang-shi,0
815,shang-hai-DC,tang-shan-shi,0
816,shang-hai-DC,xing-tai-shi,0
817,shang-hai-DC,zhang-jia-kou-shi,0
818,shang-hai-DC,luo-yang-shi,0
819,shang-hai-DC,nan-yang-shi,0
820,shang-hai-DC,shang-qiu-shi,1
821,shang-hai-DC,xin-xiang-shi,0
822,shang-hai-DC,xin-yang-shi,0
823,shang-hai-DC,zheng-zhou-shi,0
824,shang-hai-DC,zhou-kou-shi,1
825,shang-hai-DC,da-qing-shi,0
826,shang-hai-DC,ha-er-bin-shi,0
827,shang-hai-DC,wu-han-shi,0
828,shang-hai-DC,xiang-yang-shi,0
829,shang-hai-DC,heng-yang-shi,0
830,shang-hai-DC,chang-sha-shi,0
831,shang-hai-DC,ji-lin-shi,0
832,shang-hai-DC,chang-chun-shi,0
833,shang-hai-DC,chang-zhou-shi,1
834,shang-hai-DC,huai-an-shi,1
835,shang-hai-DC,lian-yun-gang-shi,1
836,shang-hai-DC,nan-jing-shi,1
837,shang-hai-DC,nan-tong-shi,1
838,shang-hai-DC,su-zhou-shi2,1
839,shang-hai-DC,tai-zhou-shi1,1
840,shang-hai-DC,wu-xi-shi,1
841,shang-hai-DC,su-qian-shi,1
842,shang-hai-DC,xu-zhou-shi,1
843,shang-hai-DC,yan-cheng-shi,1
844,shang-hai-DC,yang-zhou-shi,1
845,shang-hai-DC,zhen-jiang-shi,1
846,shang-hai-DC,gan-zhou-shi,0
847,shang-hai-DC,jiu-jiang-shi,1
848,shang-hai-DC,nan-chang-shi,1
849,shang-hai-DC,shang-rao-shi,1
850,shang-hai-DC,an-shan-shi,0
851,shang-hai-DC,da-lian-shi,0
852,shang-hai-DC,shen-yang-shi,0
853,shang-hai-DC,bao-tou-shi,0
854,shang-hai-DC,hu-he-hao-te-shi,0
855,shang-hai-DC,de-zhou-shi,0
856,shang-hai-DC,dong-ying-shi,0
857,shang-hai-DC,he-ze-shi,0
858,shang-hai-DC,ji-nan-shi,0
859,shang-hai-DC,ji-ning-shi,0
860,shang-hai-DC,liao-cheng-shi,0
861,shang-hai-DC,lin-yi-shi,1
862,shang-hai-DC,qing-dao-shi,1
863,shang-hai-DC,ri-zhao-shi,1
864,shang-hai-DC,tai-an-shi,0
865,shang-hai-DC,wei-hai-shi,0
866,shang-hai-DC,wei-fang-shi,1
867,shang-hai-DC,yan-tai-shi,0
868,shang-hai-DC,zi-bo-shi,0
869,shang-hai-DC,lin-fen-shi,0
870,shang-hai-DC,tai-yuan-shi,0
871,shang-hai-DC,yun-cheng-shi,0
872,shang-hai-DC,xi-an-shi,0
873,shang-hai-DC,xian-yang-shi,0
874,shang-hai-DC,shang-hai-shi,1
875,shang-hai-DC,cheng-du-shi,0
876,shang-hai-DC,mian-yang-shi,0
877,shang-hai-DC,tian-jin-shi,0
878,shang-hai-DC,kun-ming-shi,0
879,shang-hai-DC,hang-zhou-shi,1
880,shang-hai-DC,hu-zhou-shi,1
881,shang-hai-DC,jia-xing-shi,1
882,shang-hai-DC,jin-hua-shi,1
883,shang-hai-DC,ning-bo-shi,1
884,shang-hai-DC,shao-xing-shi,1
885,shang-hai-DC,tai-zhou-shi2,1
886,shang-hai-DC,wen-zhou-shi,1
887,shang-hai-DC,chong-qing-shi,0
888,shen-zhen-DC,bo-zhou-shi,0
889,shen-zhen-DC,chu-zhou-shi,0
890,shen-zhen-DC,fu-yang-shi,0
891,shen-zhen-DC,he-fei-shi,0
892,shen-zhen-DC,lu-an-shi,0
893,shen-zhen-DC,wu-hu-shi,0
894,shen-zhen-DC,su-zhou-shi1,0
895,shen-zhen-DC,bei-jing-shi,0
896,shen-zhen-DC,fu-zhou-shi,1
897,shen-zhen-DC,ning-de-shi,0
898,shen-zhen-DC,quan-zhou-shi,1
899,shen-zhen-DC,gang-kou-CDC-suo-zai-cheng-shi,1
900,shen-zhen-DC,zhang-zhou-shi,1
901,shen-zhen-DC,lan-zhou-shi,0
902,shen-zhen-DC,dong-guan-shi,1
903,shen-zhen-DC,fo-shan-shi,1
904,shen-zhen-DC,guang-zhou-shi,1
905,shen-zhen-DC,hui-zhou-shi,1
906,shen-zhen-DC,jiang-men-shi,1
907,shen-zhen-DC,jie-yang-shi,1
908,shen-zhen-DC,shan-tou-shi,1
909,shen-zhen-DC,shen-zhen-shi,1
910,shen-zhen-DC,zhan-jiang-shi,1
911,shen-zhen-DC,zhong-shan-shi,1
912,shen-zhen-DC,zhu-hai-shi,1
913,shen-zhen-DC,nan-ning-shi,1
914,shen-zhen-DC,gui-yang-shi,0
915,shen-zhen-DC,bao-ding-shi,0
916,shen-zhen-DC,cang-zhou-shi,0
917,shen-zhen-DC,cheng-de-shi,0
918,shen-zhen-DC,han-dan-shi,0
919,shen-zhen-DC,nei-lu-CDC-suo-zai-cheng-shi,0
920,shen-zhen-DC,shi-jia-zhuang-shi,0
921,shen-zhen-DC,tang-shan-shi,0
922,shen-zhen-DC,xing-tai-shi,0
923,shen-zhen-DC,zhang-jia-kou-shi,0
924,shen-zhen-DC,luo-yang-shi,0
925,shen-zhen-DC,nan-yang-shi,0
926,shen-zhen-DC,shang-qiu-shi,0
927,shen-zhen-DC,xin-xiang-shi,0
928,shen-zhen-DC,xin-yang-shi,0
929,shen-zhen-DC,zheng-zhou-shi,0
930,shen-zhen-DC,zhou-kou-shi,0
931,shen-zhen-DC,da-qing-shi,0
932,shen-zhen-DC,ha-er-bin-shi,0
933,shen-zhen-DC,wu-han-shi,0
934,shen-zhen-DC,xiang-yang-shi,0
935,shen-zhen-DC,heng-yang-shi,1
936,shen-zhen-DC,chang-sha-shi,1
937,shen-zhen-DC,ji-lin-shi,0
938,shen-zhen-DC,chang-chun-shi,0
939,shen-zhen-DC,chang-zhou-shi,0
940,shen-zhen-DC,huai-an-shi,0
941,shen-zhen-DC,lian-yun-gang-shi,0
942,shen-zhen-DC,nan-jing-shi,0
943,shen-zhen-DC,nan-tong-shi,0
944,shen-zhen-DC,su-zhou-shi2,0
945,shen-zhen-DC,tai-zhou-shi1,0
946,shen-zhen-DC,wu-xi-shi,0
947,shen-zhen-DC,su-qian-shi,0
948,shen-zhen-DC,xu-zhou-shi,0
949,shen-zhen-DC,yan-cheng-shi,0
950,shen-zhen-DC,yang-zhou-shi,0
951,shen-zhen-DC,zhen-jiang-shi,0
952,shen-zhen-DC,gan-zhou-shi,1
953,shen-zhen-DC,jiu-jiang-shi,0
954,shen-zhen-DC,nan-chang-shi,1
955,shen-zhen-DC,shang-rao-shi,0
956,shen-zhen-DC,an-shan-shi,0
957,shen-zhen-DC,da-lian-shi,0
958,shen-zhen-DC,shen-yang-shi,0
959,shen-zhen-DC,bao-tou-shi,0
960,shen-zhen-DC,hu-he-hao-te-shi,0
961,shen-zhen-DC,de-zhou-shi,0
962,shen-zhen-DC,dong-ying-shi,0
963,shen-zhen-DC,he-ze-shi,0
964,shen-zhen-DC,ji-nan-shi,0
965,shen-zhen-DC,ji-ning-shi,0
966,shen-zhen-DC,liao-cheng-shi,0
967,shen-zhen-DC,lin-yi-shi,0
968,shen-zhen-DC,qing-dao-shi,0
969,shen-zhen-DC,ri-zhao-shi,0
970,shen-zhen-DC,tai-an-shi,0
971,shen-zhen-DC,wei-hai-shi,0
972,shen-zhen-DC,wei-fang-shi,0
973,shen-zhen-DC,yan-tai-shi,0
974,shen-zhen-DC,zi-bo-shi,0
975,shen-zhen-DC,lin-fen-shi,0
976,shen-zhen-DC,tai-yuan-shi,0
977,shen-zhen-DC,yun-cheng-shi,0
978,shen-zhen-DC,xi-an-shi,0
979,shen-zhen-DC,xian-yang-shi,0
980,shen-zhen-DC,shang-hai-shi,0
981,shen-zhen-DC,cheng-du-shi,0
982,shen-zhen-DC,mian-yang-shi,0
983,shen-zhen-DC,tian-jin-shi,0
984,shen-zhen-DC,kun-ming-shi,0
985,shen-zhen-DC,hang-zhou-shi,0
986,shen-zhen-DC,hu-zhou-shi,0
987,shen-zhen-DC,jia-xing-shi,0
988,shen-zhen-DC,jin-hua-shi,0
989,shen-zhen-DC,ning-bo-shi,0
990,shen-zhen-DC,shao-xing-shi,0
991,shen-zhen-DC,tai-zhou-shi2,0
992,shen-zhen-DC,wen-zhou-shi,0
993,shen-zhen-DC,chong-qing-shi,0
994,tian-jin-DC,bo-zhou-shi,1
995,tian-jin-DC,chu-zhou-shi,0
996,tian-jin-DC,fu-yang-shi,0
997,tian-jin-DC,he-fei-shi,0
998,tian-jin-DC,lu-an-shi,0
999,tian-jin-DC,wu-hu-shi,0
1000,tian-jin-DC,su-zhou-shi1,1
1001,tian-jin-DC,bei-jing-shi,1
1002,tian-jin-DC,fu-zhou-shi,0
1003,tian-jin-DC,ning-de-shi,0
1004,tian-jin-DC,quan-zhou-shi,0
1005,tian-jin-DC,gang-kou-CDC-suo-zai-cheng-shi,0
1006,tian-jin-DC,zhang-zhou-shi,0
1007,tian-jin-DC,lan-zhou-shi,0
1008,tian-jin-DC,dong-guan-shi,0
1009,tian-jin-DC,fo-shan-shi,0
1010,tian-jin-DC,guang-zhou-shi,0
1011,tian-jin-DC,hui-zhou-shi,0
1012,tian-jin-DC,jiang-men-shi,0
1013,tian-jin-DC,jie-yang-shi,0
1014,tian-jin-DC,shan-tou-shi,0
1015,tian-jin-DC,shen-zhen-shi,0
1016,tian-jin-DC,zhan-jiang-shi,0
1017,tian-jin-DC,zhong-shan-shi,0
1018,tian-jin-DC,zhu-hai-shi,0
1019,tian-jin-DC,nan-ning-shi,0
1020,tian-jin-DC,gui-yang-shi,0
1021,tian-jin-DC,bao-ding-shi,1
1022,tian-jin-DC,cang-zhou-shi,1
1023,tian-jin-DC,cheng-de-shi,1
1024,tian-jin-DC,han-dan-shi,1
1025,tian-jin-DC,nei-lu-CDC-suo-zai-cheng-shi,1
1026,tian-jin-DC,shi-jia-zhuang-shi,1
1027,tian-jin-DC,tang-shan-shi,1
1028,tian-jin-DC,xing-tai-shi,1
1029,tian-jin-DC,zhang-jia-kou-shi,1
1030,tian-jin-DC,luo-yang-shi,0
1031,tian-jin-DC,nan-yang-shi,0
1032,tian-jin-DC,shang-qiu-shi,1
1033,tian-jin-DC,xin-xiang-shi,1
1034,tian-jin-DC,xin-yang-shi,0
1035,tian-jin-DC,zheng-zhou-shi,1
1036,tian-jin-DC,zhou-kou-shi,1
1037,tian-jin-DC,da-qing-shi,0
1038,tian-jin-DC,ha-er-bin-shi,0
1039,tian-jin-DC,wu-han-shi,0
1040,tian-jin-DC,xiang-yang-shi,0
1041,tian-jin-DC,heng-yang-shi,0
1042,tian-jin-DC,chang-sha-shi,0
1043,tian-jin-DC,ji-lin-shi,0
1044,tian-jin-DC,chang-chun-shi,0
1045,tian-jin-DC,chang-zhou-shi,0
1046,tian-jin-DC,huai-an-shi,1
1047,tian-jin-DC,lian-yun-gang-shi,1
1048,tian-jin-DC,nan-jing-shi,0
1049,tian-jin-DC,nan-tong-shi,0
1050,tian-jin-DC,su-zhou-shi2,0
1051,tian-jin-DC,tai-zhou-shi1,0
1052,tian-jin-DC,wu-xi-shi,0
1053,tian-jin-DC,su-qian-shi,1
1054,tian-jin-DC,xu-zhou-shi,1
1055,tian-jin-DC,yan-cheng-shi,0
1056,tian-jin-DC,yang-zhou-shi,0
1057,tian-jin-DC,zhen-jiang-shi,0
1058,tian-jin-DC,gan-zhou-shi,0
1059,tian-jin-DC,jiu-jiang-shi,0
1060,tian-jin-DC,nan-chang-shi,0
1061,tian-jin-DC,shang-rao-shi,0
1062,tian-jin-DC,an-shan-shi,1
1063,tian-jin-DC,da-lian-shi,0
1064,tian-jin-DC,shen-yang-shi,1
1065,tian-jin-DC,bao-tou-shi,0
1066,tian-jin-DC,hu-he-hao-te-shi,1
1067,tian-jin-DC,de-zhou-shi,1
1068,tian-jin-DC,dong-ying-shi,1
1069,tian-jin-DC,he-ze-shi,1
1070,tian-jin-DC,ji-nan-shi,1
1071,tian-jin-DC,ji-ning-shi,1
1072,tian-jin-DC,liao-cheng-shi,1
1073,tian-jin-DC,lin-yi-shi,1
1074,tian-jin-DC,qing-dao-shi,1
1075,tian-jin-DC,ri-zhao-shi,1
1076,tian-jin-DC,tai-an-shi,1
1077,tian-jin-DC,wei-hai-shi,1
1078,tian-jin-DC,wei-fang-shi,1
1079,tian-jin-DC,yan-tai-shi,1
1080,tian-jin-DC,zi-bo-shi,1
1081,tian-jin-DC,lin-fen-shi,0
1082,tian-jin-DC,tai-yuan-shi,1
1083,tian-jin-DC,yun-cheng-shi,0
1084,tian-jin-DC,xi-an-shi,0
1085,tian-jin-DC,xian-yang-shi,0
1086,tian-jin-DC,shang-hai-shi,0
1087,tian-jin-DC,cheng-du-shi,0
1088,tian-jin-DC,mian-yang-shi,0
1089,tian-jin-DC,tian-jin-shi,1
1090,tian-jin-DC,kun-ming-shi,0
1091,tian-jin-DC,hang-zhou-shi,0
1092,tian-jin-DC,hu-zhou-shi,0
1093,tian-jin-DC,jia-xing-shi,0
1094,tian-jin-DC,jin-hua-shi,0
1095,tian-jin-DC,ning-bo-shi,0
1096,tian-jin-DC,shao-xing-shi,0
1097,tian-jin-DC,tai-zhou-shi2,0
1098,tian-jin-DC,wen-zhou-shi,0
1099,tian-jin-DC,chong-qing-shi,0
1100,xi-an-DC,bo-zhou-shi,1
1101,xi-an-DC,chu-zhou-shi,0
1102,xi-an-DC,fu-yang-shi,1
1103,xi-an-DC,he-fei-shi,0
1104,xi-an-DC,lu-an-shi,0
1105,xi-an-DC,wu-hu-shi,0
1106,xi-an-DC,su-zhou-shi1,0
1107,xi-an-DC,bei-jing-shi,0
1108,xi-an-DC,fu-zhou-shi,0
1109,xi-an-DC,ning-de-shi,0
1110,xi-an-DC,quan-zhou-shi,0
1111,xi-an-DC,gang-kou-CDC-suo-zai-cheng-shi,0
1112,xi-an-DC,zhang-zhou-shi,0
1113,xi-an-DC,lan-zhou-shi,1
1114,xi-an-DC,dong-guan-shi,0
1115,xi-an-DC,fo-shan-shi,0
1116,xi-an-DC,guang-zhou-shi,0
1117,xi-an-DC,hui-zhou-shi,0
1118,xi-an-DC,jiang-men-shi,0
1119,xi-an-DC,jie-yang-shi,0
1120,xi-an-DC,shan-tou-shi,0
1121,xi-an-DC,shen-zhen-shi,0
1122,xi-an-DC,zhan-jiang-shi,0
1123,xi-an-DC,zhong-shan-shi,0
1124,xi-an-DC,zhu-hai-shi,0
1125,xi-an-DC,nan-ning-shi,0
1126,xi-an-DC,gui-yang-shi,0
1127,xi-an-DC,bao-ding-shi,0
1128,xi-an-DC,cang-zhou-shi,0
1129,xi-an-DC,cheng-de-shi,0
1130,xi-an-DC,han-dan-shi,1
1131,xi-an-DC,nei-lu-CDC-suo-zai-cheng-shi,0
1132,xi-an-DC,shi-jia-zhuang-shi,0
1133,xi-an-DC,tang-shan-shi,0
1134,xi-an-DC,xing-tai-shi,1
1135,xi-an-DC,zhang-jia-kou-shi,0
1136,xi-an-DC,luo-yang-shi,1
1137,xi-an-DC,nan-yang-shi,1
1138,xi-an-DC,shang-qiu-shi,1
1139,xi-an-DC,xin-xiang-shi,1
1140,xi-an-DC,xin-yang-shi,1
1141,xi-an-DC,zheng-zhou-shi,1
1142,xi-an-DC,zhou-kou-shi,1
1143,xi-an-DC,da-qing-shi,0
1144,xi-an-DC,ha-er-bin-shi,0
1145,xi-an-DC,wu-han-shi,1
1146,xi-an-DC,xiang-yang-shi,1
1147,xi-an-DC,heng-yang-shi,0
1148,xi-an-DC,chang-sha-shi,0
1149,xi-an-DC,ji-lin-shi,0
1150,xi-an-DC,chang-chun-shi,0
1151,xi-an-DC,chang-zhou-shi,0
1152,xi-an-DC,huai-an-shi,0
1153,xi-an-DC,lian-yun-gang-shi,0
1154,xi-an-DC,nan-jing-shi,0
1155,xi-an-DC,nan-tong-shi,0
1156,xi-an-DC,su-zhou-shi2,0
1157,xi-an-DC,tai-zhou-shi1,0
1158,xi-an-DC,wu-xi-shi,0
1159,xi-an-DC,su-qian-shi,0
1160,xi-an-DC,xu-zhou-shi,0
1161,xi-an-DC,yan-cheng-shi,0
1162,xi-an-DC,yang-zhou-shi,0
1163,xi-an-DC,zhen-jiang-shi,0
1164,xi-an-DC,gan-zhou-shi,0
1165,xi-an-DC,jiu-jiang-shi,0
1166,xi-an-DC,nan-chang-shi,0
1167,xi-an-DC,shang-rao-shi,0
1168,xi-an-DC,an-shan-shi,0
1169,xi-an-DC,da-lian-shi,0
1170,xi-an-DC,shen-yang-shi,0
1171,xi-an-DC,bao-tou-shi,0
1172,xi-an-DC,hu-he-hao-te-shi,0
1173,xi-an-DC,de-zhou-shi,0
1174,xi-an-DC,dong-ying-shi,0
1175,xi-an-DC,he-ze-shi,1
1176,xi-an-DC,ji-nan-shi,0
1177,xi-an-DC,ji-ning-shi,0
1178,xi-an-DC,liao-cheng-shi,0
1179,xi-an-DC,lin-yi-shi,0
1180,xi-an-DC,qing-dao-shi,0
1181,xi-an-DC,ri-zhao-shi,0
1182,xi-an-DC,tai-an-shi,0
1183,xi-an-DC,wei-hai-shi,0
1184,xi-an-DC,wei-fang-shi,0
1185,xi-an-DC,yan-tai-shi,0
1186,xi-an-DC,zi-bo-shi,0
1187,xi-an-DC,lin-fen-shi,1
1188,xi-an-DC,tai-yuan-shi,1
1189,xi-an-DC,yun-cheng-shi,1
1190,xi-an-DC,xi-an-shi,1
1191,xi-an-DC,xian-yang-shi,1
1192,xi-an-DC,shang-hai-shi,0
1193,xi-an-DC,cheng-du-shi,0
1194,xi-an-DC,mian-yang-shi,1
1195,xi-an-DC,tian-jin-shi,0
1196,xi-an-DC,kun-ming-shi,0
1197,xi-an-DC,hang-zhou-shi,0
1198,xi-an-DC,hu-zhou-shi,0
1199,xi-an-DC,jia-xing-shi,0
1200,xi-an-DC,jin-hua-shi,0
1201,xi-an-DC,ning-bo-shi,0
1202,xi-an-DC,shao-xing-shi,0
1203,xi-an-DC,tai-zhou-shi2,0
1204,xi-an-DC,wen-zhou-shi,0
1205,xi-an-DC,chong-qing-shi,0
1206,chang-sha-DC,bo-zhou-shi,0
1207,chang-sha-DC,chu-zhou-shi,0
1208,chang-sha-DC,fu-yang-shi,1
1209,chang-sha-DC,he-fei-shi,1
1210,chang-sha-DC,lu-an-shi,1
1211,chang-sha-DC,wu-hu-shi,0
1212,chang-sha-DC,su-zhou-shi1,0
1213,chang-sha-DC,bei-jing-shi,0
1214,chang-sha-DC,fu-zhou-shi,0
1215,chang-sha-DC,ning-de-shi,0
1216,chang-sha-DC,quan-zhou-shi,0
1217,chang-sha-DC,gang-kou-CDC-suo-zai-cheng-shi,0
1218,chang-sha-DC,zhang-zhou-shi,0
1219,chang-sha-DC,lan-zhou-shi,0
1220,chang-sha-DC,dong-guan-shi,1
1221,chang-sha-DC,fo-shan-shi,1
1222,chang-sha-DC,guang-zhou-shi,1
1223,chang-sha-DC,hui-zhou-shi,1
1224,chang-sha-DC,jiang-men-shi,1
1225,chang-sha-DC,jie-yang-shi,0
1226,chang-sha-DC,shan-tou-shi,0
1227,chang-sha-DC,shen-zhen-shi,0
1228,chang-sha-DC,zhan-jiang-shi,0
1229,chang-sha-DC,zhong-shan-shi,0
1230,chang-sha-DC,zhu-hai-shi,0
1231,chang-sha-DC,nan-ning-shi,0
1232,chang-sha-DC,gui-yang-shi,0
1233,chang-sha-DC,bao-ding-shi,0
1234,chang-sha-DC,cang-zhou-shi,0
1235,chang-sha-DC,cheng-de-shi,0
1236,chang-sha-DC,han-dan-shi,0
1237,chang-sha-DC,nei-lu-CDC-suo-zai-cheng-shi,0
1238,chang-sha-DC,shi-jia-zhuang-shi,0
1239,chang-sha-DC,tang-shan-shi,0
1240,chang-sha-DC,xing-tai-shi,0
1241,chang-sha-DC,zhang-jia-kou-shi,0
1242,chang-sha-DC,luo-yang-shi,0
1243,chang-sha-DC,nan-yang-shi,1
1244,chang-sha-DC,shang-qiu-shi,0
1245,chang-sha-DC,xin-xiang-shi,0
1246,chang-sha-DC,xin-yang-shi,1
1247,chang-sha-DC,zheng-zhou-shi,0
1248,chang-sha-DC,zhou-kou-shi,1
1249,chang-sha-DC,da-qing-shi,0
1250,chang-sha-DC,ha-er-bin-shi,0
1251,chang-sha-DC,wu-han-shi,1
1252,chang-sha-DC,xiang-yang-shi,1
1253,chang-sha-DC,heng-yang-shi,1
1254,chang-sha-DC,chang-sha-shi,1
1255,chang-sha-DC,ji-lin-shi,0
1256,chang-sha-DC,chang-chun-shi,0
1257,chang-sha-DC,chang-zhou-shi,0
1258,chang-sha-DC,huai-an-shi,0
1259,chang-sha-DC,lian-yun-gang-shi,0
1260,chang-sha-DC,nan-jing-shi,0
1261,chang-sha-DC,nan-tong-shi,0
1262,chang-sha-DC,su-zhou-shi2,0
1263,chang-sha-DC,tai-zhou-shi1,0
1264,chang-sha-DC,wu-xi-shi,0
1265,chang-sha-DC,su-qian-shi,0
1266,chang-sha-DC,xu-zhou-shi,0
1267,chang-sha-DC,yan-cheng-shi,0
1268,chang-sha-DC,yang-zhou-shi,0
1269,chang-sha-DC,zhen-jiang-shi,0
1270,chang-sha-DC,gan-zhou-shi,1
1271,chang-sha-DC,jiu-jiang-shi,1
1272,chang-sha-DC,nan-chang-shi,1
1273,chang-sha-DC,shang-rao-shi,1
1274,chang-sha-DC,an-shan-shi,0
1275,chang-sha-DC,da-lian-shi,0
1276,chang-sha-DC,shen-yang-shi,0
1277,chang-sha-DC,bao-tou-shi,0
1278,chang-sha-DC,hu-he-hao-te-shi,0
1279,chang-sha-DC,de-zhou-shi,0
1280,chang-sha-DC,dong-ying-shi,0
1281,chang-sha-DC,he-ze-shi,0
1282,chang-sha-DC,ji-nan-shi,0
1283,chang-sha-DC,ji-ning-shi,0
1284,chang-sha-DC,liao-cheng-shi,0
1285,chang-sha-DC,lin-yi-shi,0
1286,chang-sha-DC,qing-dao-shi,0
1287,chang-sha-DC,ri-zhao-shi,0
1288,chang-sha-DC,tai-an-shi,0
1289,chang-sha-DC,wei-hai-shi,0
1290,chang-sha-DC,wei-fang-shi,0
1291,chang-sha-DC,yan-tai-shi,0
1292,chang-sha-DC,zi-bo-shi,0
1293,chang-sha-DC,lin-fen-shi,0
1294,chang-sha-DC,tai-yuan-shi,0
1295,chang-sha-DC,yun-cheng-shi,0
1296,chang-sha-DC,xi-an-shi,0
1297,chang-sha-DC,xian-yang-shi,0
1298,chang-sha-DC,shang-hai-shi,0
1299,chang-sha-DC,cheng-du-shi,0
1300,chang-sha-DC,mian-yang-shi,0
1301,chang-sha-DC,tian-jin-shi,0
1302,chang-sha-DC,kun-ming-shi,0
1303,chang-sha-DC,hang-zhou-shi,0
1304,chang-sha-DC,hu-zhou-shi,0
1305,chang-sha-DC,jia-xing-shi,0
1306,chang-sha-DC,jin-hua-shi,1
1307,chang-sha-DC,ning-bo-shi,0
1308,chang-sha-DC,shao-xing-shi,0
1309,chang-sha-DC,tai-zhou-shi2,0
1310,chang-sha-DC,wen-zhou-shi,0
1311,chang-sha-DC,chong-qing-shi,0
1312,zheng-zhou-DC,bo-zhou-shi,1
1313,zheng-zhou-DC,chu-zhou-shi,1
1314,zheng-zhou-DC,fu-yang-shi,1
1315,zheng-zhou-DC,he-fei-shi,1
1316,zheng-zhou-DC,lu-an-shi,1
1317,zheng-zhou-DC,wu-hu-shi,1
1318,zheng-zhou-DC,su-zhou-shi1,1
1319,zheng-zhou-DC,bei-jing-shi,1
1320,zheng-zhou-DC,fu-zhou-shi,0
1321,zheng-zhou-DC,ning-de-shi,0
1322,zheng-zhou-DC,quan-zhou-shi,0
1323,zheng-zhou-DC,gang-kou-CDC-suo-zai-cheng-shi,0
1324,zheng-zhou-DC,zhang-zhou-shi,0
1325,zheng-zhou-DC,lan-zhou-shi,0
1326,zheng-zhou-DC,dong-guan-shi,0
1327,zheng-zhou-DC,fo-shan-shi,0
1328,zheng-zhou-DC,guang-zhou-shi,0
1329,zheng-zhou-DC,hui-zhou-shi,0
1330,zheng-zhou-DC,jiang-men-shi,0
1331,zheng-zhou-DC,jie-yang-shi,0
1332,zheng-zhou-DC,shan-tou-shi,0
1333,zheng-zhou-DC,shen-zhen-shi,0
1334,zheng-zhou-DC,zhan-jiang-shi,0
1335,zheng-zhou-DC,zhong-shan-shi,0
1336,zheng-zhou-DC,zhu-hai-shi,0
1337,zheng-zhou-DC,nan-ning-shi,0
1338,zheng-zhou-DC,gui-yang-shi,0
1339,zheng-zhou-DC,bao-ding-shi,1
1340,zheng-zhou-DC,cang-zhou-shi,1
1341,zheng-zhou-DC,cheng-de-shi,0
1342,zheng-zhou-DC,han-dan-shi,1
1343,zheng-zhou-DC,nei-lu-CDC-suo-zai-cheng-shi,1
1344,zheng-zhou-DC,shi-jia-zhuang-shi,1
1345,zheng-zhou-DC,tang-shan-shi,0
1346,zheng-zhou-DC,xing-tai-shi,1
1347,zheng-zhou-DC,zhang-jia-kou-shi,0
1348,zheng-zhou-DC,luo-yang-shi,1
1349,zheng-zhou-DC,nan-yang-shi,1
1350,zheng-zhou-DC,shang-qiu-shi,1
1351,zheng-zhou-DC,xin-xiang-shi,1
1352,zheng-zhou-DC,xin-yang-shi,1
1353,zheng-zhou-DC,zheng-zhou-shi,1
1354,zheng-zhou-DC,zhou-kou-shi,1
1355,zheng-zhou-DC,da-qing-shi,0
1356,zheng-zhou-DC,ha-er-bin-shi,0
1357,zheng-zhou-DC,wu-han-shi,1
1358,zheng-zhou-DC,xiang-yang-shi,1
1359,zheng-zhou-DC,heng-yang-shi,0
1360,zheng-zhou-DC,chang-sha-shi,0
1361,zheng-zhou-DC,ji-lin-shi,0
1362,zheng-zhou-DC,chang-chun-shi,0
1363,zheng-zhou-DC,chang-zhou-shi,1
1364,zheng-zhou-DC,huai-an-shi,1
1365,zheng-zhou-DC,lian-yun-gang-shi,1
1366,zheng-zhou-DC,nan-jing-shi,1
1367,zheng-zhou-DC,nan-tong-shi,1
1368,zheng-zhou-DC,su-zhou-shi2,0
1369,zheng-zhou-DC,tai-zhou-shi1,1
1370,zheng-zhou-DC,wu-xi-shi,1
1371,zheng-zhou-DC,su-qian-shi,1
1372,zheng-zhou-DC,xu-zhou-shi,1
1373,zheng-zhou-DC,yan-cheng-shi,1
1374,zheng-zhou-DC,yang-zhou-shi,1
1375,zheng-zhou-DC,zhen-jiang-shi,1
1376,zheng-zhou-DC,gan-zhou-shi,0
1377,zheng-zhou-DC,jiu-jiang-shi,1
1378,zheng-zhou-DC,nan-chang-shi,0
1379,zheng-zhou-DC,shang-rao-shi,0
1380,zheng-zhou-DC,an-shan-shi,0
1381,zheng-zhou-DC,da-lian-shi,0
1382,zheng-zhou-DC,shen-yang-shi,0
1383,zheng-zhou-DC,bao-tou-shi,0
1384,zheng-zhou-DC,hu-he-hao-te-shi,0
1385,zheng-zhou-DC,de-zhou-shi,1
1386,zheng-zhou-DC,dong-ying-shi,1
1387,zheng-zhou-DC,he-ze-shi,1
1388,zheng-zhou-DC,ji-nan-shi,1
1389,zheng-zhou-DC,ji-ning-shi,1
1390,zheng-zhou-DC,liao-cheng-shi,1
1391,zheng-zhou-DC,lin-yi-shi,1
1392,zheng-zhou-DC,qing-dao-shi,1
1393,zheng-zhou-DC,ri-zhao-shi,1
1394,zheng-zhou-DC,tai-an-shi,1
1395,zheng-zhou-DC,wei-hai-shi,0
1396,zheng-zhou-DC,wei-fang-shi,1
1397,zheng-zhou-DC,yan-tai-shi,0
1398,zheng-zhou-DC,zi-bo-shi,1
1399,zheng-zhou-DC,lin-fen-shi,1
1400,zheng-zhou-DC,tai-yuan-shi,1
1401,zheng-zhou-DC,yun-cheng-shi,1
1402,zheng-zhou-DC,xi-an-shi,1
1403,zheng-zhou-DC,xian-yang-shi,1
1404,zheng-zhou-DC,shang-hai-shi,0
1405,zheng-zhou-DC,cheng-du-shi,0
1406,zheng-zhou-DC,mian-yang-shi,0
1407,zheng-zhou-DC,tian-jin-shi,1
1408,zheng-zhou-DC,kun-ming-shi,0
1409,zheng-zhou-DC,hang-zhou-shi,0
1410,zheng-zhou-DC,hu-zhou-shi,0
1411,zheng-zhou-DC,jia-xing-shi,0
1412,zheng-zhou-DC,jin-hua-shi,0
1413,zheng-zhou-DC,ning-bo-shi,0
1414,zheng-zhou-DC,shao-xing-shi,0
1415,zheng-zhou-DC,tai-zhou-shi2,0
1416,zheng-zhou-DC,wen-zhou-shi,0
1417,zheng-zhou-DC,chong-qing-shi,0
1418,hang-zhou-DC,bo-zhou-shi,1
1419,hang-zhou-DC,chu-zhou-shi,1
1420,hang-zhou-DC,fu-yang-shi,1
1421,hang-zhou-DC,he-fei-shi,1
1422,hang-zhou-DC,lu-an-shi,1
1423,hang-zhou-DC,wu-hu-shi,1
1424,hang-zhou-DC,su-zhou-shi1,1
1425,hang-zhou-DC,bei-jing-shi,0
1426,hang-zhou-DC,fu-zhou-shi,1
1427,hang-zhou-DC,ning-de-shi,1
1428,hang-zhou-DC,quan-zhou-shi,0
1429,hang-zhou-DC,gang-kou-CDC-suo-zai-cheng-shi,0
1430,hang-zhou-DC,zhang-zhou-shi,0
1431,hang-zhou-DC,lan-zhou-shi,0
1432,hang-zhou-DC,dong-guan-shi,0
1433,hang-zhou-DC,fo-shan-shi,0
1434,hang-zhou-DC,guang-zhou-shi,0
1435,hang-zhou-DC,hui-zhou-shi,0
1436,hang-zhou-DC,jiang-men-shi,0
1437,hang-zhou-DC,jie-yang-shi,0
1438,hang-zhou-DC,shan-tou-shi,0
1439,hang-zhou-DC,shen-zhen-shi,0
1440,hang-zhou-DC,zhan-jiang-shi,0
1441,hang-zhou-DC,zhong-shan-shi,0
1442,hang-zhou-DC,zhu-hai-shi,0
1443,hang-zhou-DC,nan-ning-shi,0
1444,hang-zhou-DC,gui-yang-shi,0
1445,hang-zhou-DC,bao-ding-shi,0
1446,hang-zhou-DC,cang-zhou-shi,0
1447,hang-zhou-DC,cheng-de-shi,0
1448,hang-zhou-DC,han-dan-shi,0
1449,hang-zhou-DC,nei-lu-CDC-suo-zai-cheng-shi,0
1450,hang-zhou-DC,shi-jia-zhuang-shi,0
1451,hang-zhou-DC,tang-shan-shi,0
1452,hang-zhou-DC,xing-tai-shi,0
1453,hang-zhou-DC,zhang-jia-kou-shi,0
1454,hang-zhou-DC,luo-yang-shi,0
1455,hang-zhou-DC,nan-yang-shi,0
1456,hang-zhou-DC,shang-qiu-shi,1
1457,hang-zhou-DC,xin-xiang-shi,0
1458,hang-zhou-DC,xin-yang-shi,1
1459,hang-zhou-DC,zheng-zhou-shi,0
1460,hang-zhou-DC,zhou-kou-shi,1
1461,hang-zhou-DC,da-qing-shi,0
1462,hang-zhou-DC,ha-er-bin-shi,0
1463,hang-zhou-DC,wu-han-shi,1
1464,hang-zhou-DC,xiang-yang-shi,0
1465,hang-zhou-DC,heng-yang-shi,0
1466,hang-zhou-DC,chang-sha-shi,0
1467,hang-zhou-DC,ji-lin-shi,0
1468,hang-zhou-DC,chang-chun-shi,0
1469,hang-zhou-DC,chang-zhou-shi,1
1470,hang-zhou-DC,huai-an-shi,1
1471,hang-zhou-DC,lian-yun-gang-shi,1
1472,hang-zhou-DC,nan-jing-shi,1
1473,hang-zhou-DC,nan-tong-shi,1
1474,hang-zhou-DC,su-zhou-shi2,1
1475,hang-zhou-DC,tai-zhou-shi1,1
1476,hang-zhou-DC,wu-xi-shi,1
1477,hang-zhou-DC,su-qian-shi,1
1478,hang-zhou-DC,xu-zhou-shi,1
1479,hang-zhou-DC,yan-cheng-shi,1
1480,hang-zhou-DC,yang-zhou-shi,1
1481,hang-zhou-DC,zhen-jiang-shi,1
1482,hang-zhou-DC,gan-zhou-shi,0
1483,hang-zhou-DC,jiu-jiang-shi,1
1484,hang-zhou-DC,nan-chang-shi,1
1485,hang-zhou-DC,shang-rao-shi,1
1486,hang-zhou-DC,an-shan-shi,0
1487,hang-zhou-DC,da-lian-shi,0
1488,hang-zhou-DC,shen-yang-shi,0
1489,hang-zhou-DC,bao-tou-shi,0
1490,hang-zhou-DC,hu-he-hao-te-shi,0
1491,hang-zhou-DC,de-zhou-shi,0
1492,hang-zhou-DC,dong-ying-shi,0
1493,hang-zhou-DC,he-ze-shi,0
1494,hang-zhou-DC,ji-nan-shi,0
1495,hang-zhou-DC,ji-ning-shi,0
1496,hang-zhou-DC,liao-cheng-shi,0
1497,hang-zhou-DC,lin-yi-shi,1
1498,hang-zhou-DC,qing-dao-shi,0
1499,hang-zhou-DC,ri-zhao-shi,1
1500,hang-zhou-DC,tai-an-shi,0
1501,hang-zhou-DC,wei-hai-shi,0
1502,hang-zhou-DC,wei-fang-shi,0
1503,hang-zhou-DC,yan-tai-shi,0
1504,hang-zhou-DC,zi-bo-shi,0
1505,hang-zhou-DC,lin-fen-shi,0
1506,hang-zhou-DC,tai-yuan-shi,0
1507,hang-zhou-DC,yun-cheng-shi,0
1508,hang-zhou-DC,xi-an-shi,0
1509,hang-zhou-DC,xian-yang-shi,0
1510,hang-zhou-DC,shang-hai-shi,1
1511,hang-zhou-DC,cheng-du-shi,0
1512,hang-zhou-DC,mian-yang-shi,0
1513,hang-zhou-DC,tian-jin-shi,0
1514,hang-zhou-DC,kun-ming-shi,0
1515,hang-zhou-DC,hang-zhou-shi,1
1516,hang-zhou-DC,hu-zhou-shi,1
1517,hang-zhou-DC,jia-xing-shi,1
1518,hang-zhou-DC,jin-hua-shi,1
1519,hang-zhou-DC,ning-bo-shi,1
1520,hang-zhou-DC,shao-xing-shi,1
1521,hang-zhou-DC,tai-zhou-shi2,1
1522,hang-zhou-DC,wen-zhou-shi,1
1523,hang-zhou-DC,chong-qing-shi,0
1524,wu-han-DC,bo-zhou-shi,1
1525,wu-han-DC,chu-zhou-shi,1
1526,wu-han-DC,fu-yang-shi,1
1527,wu-han-DC,he-fei-shi,1
1528,wu-han-DC,lu-an-shi,1
1529,wu-han-DC,wu-hu-shi,1
1530,wu-han-DC,su-zhou-shi1,1
1531,wu-han-DC,bei-jing-shi,0
1532,wu-han-DC,fu-zhou-shi,0
1533,wu-han-DC,ning-de-shi,0
1534,wu-han-DC,quan-zhou-shi,0
1535,wu-han-DC,gang-kou-CDC-suo-zai-cheng-shi,0
1536,wu-han-DC,zhang-zhou-shi,0
1537,wu-han-DC,lan-zhou-shi,0
1538,wu-han-DC,dong-guan-shi,0
1539,wu-han-DC,fo-shan-shi,0
1540,wu-han-DC,guang-zhou-shi,0
1541,wu-han-DC,hui-zhou-shi,0
1542,wu-han-DC,jiang-men-shi,0
1543,wu-han-DC,jie-yang-shi,0
1544,wu-han-DC,shan-tou-shi,0
1545,wu-han-DC,shen-zhen-shi,0
1546,wu-han-DC,zhan-jiang-shi,0
1547,wu-han-DC,zhong-shan-shi,0
1548,wu-han-DC,zhu-hai-shi,0
1549,wu-han-DC,nan-ning-shi,0
1550,wu-han-DC,gui-yang-shi,0
1551,wu-han-DC,bao-ding-shi,0
1552,wu-han-DC,cang-zhou-shi,0
1553,wu-han-DC,cheng-de-shi,0
1554,wu-han-DC,han-dan-shi,1
1555,wu-han-DC,nei-lu-CDC-suo-zai-cheng-shi,0
1556,wu-han-DC,shi-jia-zhuang-shi,0
1557,wu-han-DC,tang-shan-shi,0
1558,wu-han-DC,xing-tai-shi,0
1559,wu-han-DC,zhang-jia-kou-shi,0
1560,wu-han-DC,luo-yang-shi,1
1561,wu-han-DC,nan-yang-shi,1
1562,wu-han-DC,shang-qiu-shi,1
1563,wu-han-DC,xin-xiang-shi,1
1564,wu-han-DC,xin-yang-shi,1
1565,wu-han-DC,zheng-zhou-shi,1
1566,wu-han-DC,zhou-kou-shi,1
1567,wu-han-DC,da-qing-shi,0
1568,wu-han-DC,ha-er-bin-shi,0
1569,wu-han-DC,wu-han-shi,1
1570,wu-han-DC,xiang-yang-shi,1
1571,wu-han-DC,heng-yang-shi,1
1572,wu-han-DC,chang-sha-shi,1
1573,wu-han-DC,ji-lin-shi,0
1574,wu-han-DC,chang-chun-shi,0
1575,wu-han-DC,chang-zhou-shi,1
1576,wu-han-DC,huai-an-shi,1
1577,wu-han-DC,lian-yun-gang-shi,0
1578,wu-han-DC,nan-jing-shi,1
1579,wu-han-DC,nan-tong-shi,1
1580,wu-han-DC,su-zhou-shi2,1
1581,wu-han-DC,tai-zhou-shi1,1
1582,wu-han-DC,wu-xi-shi,1
1583,wu-han-DC,su-qian-shi,1
1584,wu-han-DC,xu-zhou-shi,1
1585,wu-han-DC,yan-cheng-shi,1
1586,wu-han-DC,yang-zhou-shi,1
1587,wu-han-DC,zhen-jiang-shi,1
1588,wu-han-DC,gan-zhou-shi,1
1589,wu-han-DC,jiu-jiang-shi,1
1590,wu-han-DC,nan-chang-shi,1
1591,wu-han-DC,shang-rao-shi,1
1592,wu-han-DC,an-shan-shi,0
1593,wu-han-DC,da-lian-shi,0
1594,wu-han-DC,shen-yang-shi,0
1595,wu-han-DC,bao-tou-shi,0
1596,wu-han-DC,hu-he-hao-te-shi,0
1597,wu-han-DC,de-zhou-shi,0
1598,wu-han-DC,dong-ying-shi,0
1599,wu-han-DC,he-ze-shi,1
1600,wu-han-DC,ji-nan-shi,0
1601,wu-han-DC,ji-ning-shi,1
1602,wu-han-DC,liao-cheng-shi,1
1603,wu-han-DC,lin-yi-shi,0
1604,wu-han-DC,qing-dao-shi,0
1605,wu-han-DC,ri-zhao-shi,0
1606,wu-han-DC,tai-an-shi,0
1607,wu-han-DC,wei-hai-shi,0
1608,wu-han-DC,wei-fang-shi,0
1609,wu-han-DC,yan-tai-shi,0
1610,wu-han-DC,zi-bo-shi,0
1611,wu-han-DC,lin-fen-shi,0
1612,wu-han-DC,tai-yuan-shi,0
1613,wu-han-DC,yun-cheng-shi,1
1614,wu-han-DC,xi-an-shi,1
1615,wu-han-DC,xian-yang-shi,0
1616,wu-han-DC,shang-hai-shi,0
1617,wu-han-DC,cheng-du-shi,0
1618,wu-han-DC,mian-yang-shi,0
1619,wu-han-DC,tian-jin-shi,0
1620,wu-han-DC,kun-ming-shi,0
1621,wu-han-DC,hang-zhou-shi,1
1622,wu-han-DC,hu-zhou-shi,1
1623,wu-han-DC,jia-xing-shi,1
1624,wu-han-DC,jin-hua-shi,1
1625,wu-han-DC,ning-bo-shi,0
1626,wu-han-DC,shao-xing-shi,0
1627,wu-han-DC,tai-zhou-shi2,0
1628,wu-han-DC,wen-zhou-shi,0
1629,wu-han-DC,chong-qing-shi,0
1630,da-lian-DC,bo-zhou-shi,0
1631,da-lian-DC,chu-zhou-shi,0
1632,da-lian-DC,fu-yang-shi,0
1633,da-lian-DC,he-fei-shi,0
1634,da-lian-DC,lu-an-shi,0
1635,da-lian-DC,wu-hu-shi,0
1636,da-lian-DC,su-zhou-shi1,0
1637,da-lian-DC,bei-jing-shi,0
1638,da-lian-DC,fu-zhou-shi,0
1639,da-lian-DC,ning-de-shi,0
1640,da-lian-DC,quan-zhou-shi,0
1641,da-lian-DC,gang-kou-CDC-suo-zai-cheng-shi,0
1642,da-lian-DC,zhang-zhou-shi,0
1643,da-lian-DC,lan-zhou-shi,0
1644,da-lian-DC,dong-guan-shi,0
1645,da-lian-DC,fo-shan-shi,0
1646,da-lian-DC,guang-zhou-shi,0
1647,da-lian-DC,hui-zhou-shi,0
1648,da-lian-DC,jiang-men-shi,0
1649,da-lian-DC,jie-yang-shi,0
1650,da-lian-DC,shan-tou-shi,0
1651,da-lian-DC,shen-zhen-shi,0
1652,da-lian-DC,zhan-jiang-shi,0
1653,da-lian-DC,zhong-shan-shi,0
1654,da-lian-DC,zhu-hai-shi,0
1655,da-lian-DC,nan-ning-shi,0
1656,da-lian-DC,gui-yang-shi,0
1657,da-lian-DC,bao-ding-shi,0
1658,da-lian-DC,cang-zhou-shi,0
1659,da-lian-DC,cheng-de-shi,1
1660,da-lian-DC,han-dan-shi,0
1661,da-lian-DC,nei-lu-CDC-suo-zai-cheng-shi,0
1662,da-lian-DC,shi-jia-zhuang-shi,0
1663,da-lian-DC,tang-shan-shi,1
1664,da-lian-DC,xing-tai-shi,0
1665,da-lian-DC,zhang-jia-kou-shi,0
1666,da-lian-DC,luo-yang-shi,0
1667,da-lian-DC,nan-yang-shi,0
1668,da-lian-DC,shang-qiu-shi,0
1669,da-lian-DC,xin-xiang-shi,0
1670,da-lian-DC,xin-yang-shi,0
1671,da-lian-DC,zheng-zhou-shi,0
1672,da-lian-DC,zhou-kou-shi,0
1673,da-lian-DC,da-qing-shi,0
1674,da-lian-DC,ha-er-bin-shi,0
1675,da-lian-DC,wu-han-shi,0
1676,da-lian-DC,xiang-yang-shi,0
1677,da-lian-DC,heng-yang-shi,0
1678,da-lian-DC,chang-sha-shi,0
1679,da-lian-DC,ji-lin-shi,1
1680,da-lian-DC,chang-chun-shi,1
1681,da-lian-DC,chang-zhou-shi,0
1682,da-lian-DC,huai-an-shi,0
1683,da-lian-DC,lian-yun-gang-shi,0
1684,da-lian-DC,nan-jing-shi,0
1685,da-lian-DC,nan-tong-shi,0
1686,da-lian-DC,su-zhou-shi2,0
1687,da-lian-DC,tai-zhou-shi1,0
1688,da-lian-DC,wu-xi-shi,0
1689,da-lian-DC,su-qian-shi,0
1690,da-lian-DC,xu-zhou-shi,0
1691,da-lian-DC,yan-cheng-shi,0
1692,da-lian-DC,yang-zhou-shi,0
1693,da-lian-DC,zhen-jiang-shi,0
1694,da-lian-DC,gan-zhou-shi,0
1695,da-lian-DC,jiu-jiang-shi,0
1696,da-lian-DC,nan-chang-shi,0
1697,da-lian-DC,shang-rao-shi,0
1698,da-lian-DC,an-shan-shi,1
1699,da-lian-DC,da-lian-shi,1
1700,da-lian-DC,shen-yang-shi,1
1701,da-lian-DC,bao-tou-shi,0
1702,da-lian-DC,hu-he-hao-te-shi,0
1703,da-lian-DC,de-zhou-shi,0
1704,da-lian-DC,dong-ying-shi,0
1705,da-lian-DC,he-ze-shi,0
1706,da-lian-DC,ji-nan-shi,0
1707,da-lian-DC,ji-ning-shi,0
1708,da-lian-DC,liao-cheng-shi,0
1709,da-lian-DC,lin-yi-shi,0
1710,da-lian-DC,qing-dao-shi,0
1711,da-lian-DC,ri-zhao-shi,0
1712,da-lian-DC,tai-an-shi,0
1713,da-lian-DC,wei-hai-shi,0
1714,da-lian-DC,wei-fang-shi,0
1715,da-lian-DC,yan-tai-shi,0
1716,da-lian-DC,zi-bo-shi,0
1717,da-lian-DC,lin-fen-shi,0
1718,da-lian-DC,tai-yuan-shi,0
1719,da-lian-DC,yun-cheng-shi,0
1720,da-lian-DC,xi-an-shi,0
1721,da-lian-DC,xian-yang-shi,0
1722,da-lian-DC,shang-hai-shi,0
1723,da-lian-DC,cheng-du-shi,0
1724,da-lian-DC,mian-yang-shi,0
1725,da-lian-DC,tian-jin-shi,0
1726,da-lian-DC,kun-ming-shi,0
1727,da-lian-DC,hang-zhou-shi,0
1728,da-lian-DC,hu-zhou-shi,0
1729,da-lian-DC,jia-xing-shi,0
1730,da-lian-DC,jin-hua-shi,0
1731,da-lian-DC,ning-bo-shi,0
1732,da-lian-DC,shao-xing-shi,0
1733,da-lian-DC,tai-zhou-shi2,0
1734,da-lian-DC,wen-zhou-shi,0
1735,da-lian-DC,chong-qing-shi,0
1736,ha-er-bin-DC,bo-zhou-shi,0
1737,ha-er-bin-DC,chu-zhou-shi,0
1738,ha-er-bin-DC,fu-yang-shi,0
1739,ha-er-bin-DC,he-fei-shi,0
1740,ha-er-bin-DC,lu-an-shi,0
1741,ha-er-bin-DC,wu-hu-shi,0
1742,ha-er-bin-DC,su-zhou-shi1,0
1743,ha-er-bin-DC,bei-jing-shi,0
1744,ha-er-bin-DC,fu-zhou-shi,0
1745,ha-er-bin-DC,ning-de-shi,0
1746,ha-er-bin-DC,quan-zhou-shi,0
1747,ha-er-bin-DC,gang-kou-CDC-suo-zai-cheng-shi,0
1748,ha-er-bin-DC,zhang-zhou-shi,0
1749,ha-er-bin-DC,lan-zhou-shi,0
1750,ha-er-bin-DC,dong-guan-shi,0
1751,ha-er-bin-DC,fo-shan-shi,0
1752,ha-er-bin-DC,guang-zhou-shi,0
1753,ha-er-bin-DC,hui-zhou-shi,0
1754,ha-er-bin-DC,jiang-men-shi,0
1755,ha-er-bin-DC,jie-yang-shi,0
1756,ha-er-bin-DC,shan-tou-shi,0
1757,ha-er-bin-DC,shen-zhen-shi,0
1758,ha-er-bin-DC,zhan-jiang-shi,0
1759,ha-er-bin-DC,zhong-shan-shi,0
1760,ha-er-bin-DC,zhu-hai-shi,0
1761,ha-er-bin-DC,nan-ning-shi,0
1762,ha-er-bin-DC,gui-yang-shi,0
1763,ha-er-bin-DC,bao-ding-shi,0
1764,ha-er-bin-DC,cang-zhou-shi,0
1765,ha-er-bin-DC,cheng-de-shi,0
1766,ha-er-bin-DC,han-dan-shi,0
1767,ha-er-bin-DC,nei-lu-CDC-suo-zai-cheng-shi,0
1768,ha-er-bin-DC,shi-jia-zhuang-shi,0
1769,ha-er-bin-DC,tang-shan-shi,0
1770,ha-er-bin-DC,xing-tai-shi,0
1771,ha-er-bin-DC,zhang-jia-kou-shi,0
1772,ha-er-bin-DC,luo-yang-shi,0
1773,ha-er-bin-DC,nan-yang-shi,0
1774,ha-er-bin-DC,shang-qiu-shi,0
1775,ha-er-bin-DC,xin-xiang-shi,0
1776,ha-er-bin-DC,xin-yang-shi,0
1777,ha-er-bin-DC,zheng-zhou-shi,0
1778,ha-er-bin-DC,zhou-kou-shi,0
1779,ha-er-bin-DC,da-qing-shi,1
1780,ha-er-bin-DC,ha-er-bin-shi,1
1781,ha-er-bin-DC,wu-han-shi,0
1782,ha-er-bin-DC,xiang-yang-shi,0
1783,ha-er-bin-DC,heng-yang-shi,0
1784,ha-er-bin-DC,chang-sha-shi,0
1785,ha-er-bin-DC,ji-lin-shi,1
1786,ha-er-bin-DC,chang-chun-shi,1
1787,ha-er-bin-DC,chang-zhou-shi,0
1788,ha-er-bin-DC,huai-an-shi,0
1789,ha-er-bin-DC,lian-yun-gang-shi,0
1790,ha-er-bin-DC,nan-jing-shi,0
1791,ha-er-bin-DC,nan-tong-shi,0
1792,ha-er-bin-DC,su-zhou-shi2,0
1793,ha-er-bin-DC,tai-zhou-shi1,0
1794,ha-er-bin-DC,wu-xi-shi,0
1795,ha-er-bin-DC,su-qian-shi,0
1796,ha-er-bin-DC,xu-zhou-shi,0
1797,ha-er-bin-DC,yan-cheng-shi,0
1798,ha-er-bin-DC,yang-zhou-shi,0
1799,ha-er-bin-DC,zhen-jiang-shi,0
1800,ha-er-bin-DC,gan-zhou-shi,0
1801,ha-er-bin-DC,jiu-jiang-shi,0
1802,ha-er-bin-DC,nan-chang-shi,0
1803,ha-er-bin-DC,shang-rao-shi,0
1804,ha-er-bin-DC,an-shan-shi,1
1805,ha-er-bin-DC,da-lian-shi,0
1806,ha-er-bin-DC,shen-yang-shi,1
1807,ha-er-bin-DC,bao-tou-shi,0
1808,ha-er-bin-DC,hu-he-hao-te-shi,0
1809,ha-er-bin-DC,de-zhou-shi,0
1810,ha-er-bin-DC,dong-ying-shi,0
1811,ha-er-bin-DC,he-ze-shi,0
1812,ha-er-bin-DC,ji-nan-shi,0
1813,ha-er-bin-DC,ji-ning-shi,0
1814,ha-er-bin-DC,liao-cheng-shi,0
1815,ha-er-bin-DC,lin-yi-shi,0
1816,ha-er-bin-DC,qing-dao-shi,0
1817,ha-er-bin-DC,ri-zhao-shi,0
1818,ha-er-bin-DC,tai-an-shi,0
1819,ha-er-bin-DC,wei-hai-shi,0
1820,ha-er-bin-DC,wei-fang-shi,0
1821,ha-er-bin-DC,yan-tai-shi,0
1822,ha-er-bin-DC,zi-bo-shi,0
1823,ha-er-bin-DC,lin-fen-shi,0
1824,ha-er-bin-DC,tai-yuan-shi,0
1825,ha-er-bin-DC,yun-cheng-shi,0
1826,ha-er-bin-DC,xi-an-shi,0
1827,ha-er-bin-DC,xian-yang-shi,0
1828,ha-er-bin-DC,shang-hai-shi,0
1829,ha-er-bin-DC,cheng-du-shi,0
1830,ha-er-bin-DC,mian-yang-shi,0
1831,ha-er-bin-DC,tian-jin-shi,0
1832,ha-er-bin-DC,kun-ming-shi,0
1833,ha-er-bin-DC,hang-zhou-shi,0
1834,ha-er-bin-DC,hu-zhou-shi,0
1835,ha-er-bin-DC,jia-xing-shi,0
1836,ha-er-bin-DC,jin-hua-shi,0
1837,ha-er-bin-DC,ning-bo-shi,0
1838,ha-er-bin-DC,shao-xing-shi,0
1839,ha-er-bin-DC,tai-zhou-shi2,0
1840,ha-er-bin-DC,wen-zhou-shi,0
1841,ha-er-bin-DC,chong-qing-shi,0
1842,bei-jing-DC,bo-zhou-shi,1
1843,bei-jing-DC,chu-zhou-shi,0
1844,bei-jing-DC,fu-yang-shi,0
1845,bei-jing-DC,he-fei-shi,0
1846,bei-jing-DC,lu-an-shi,0
1847,bei-jing-DC,wu-hu-shi,0
1848,bei-jing-DC,su-zhou-shi1,0
1849,bei-jing-DC,bei-jing-shi,1
1850,bei-jing-DC,fu-zhou-shi,0
1851,bei-jing-DC,ning-de-shi,0
1852,bei-jing-DC,quan-zhou-shi,0
1853,bei-jing-DC,gang-kou-CDC-suo-zai-cheng-shi,0
1854,bei-jing-DC,zhang-zhou-shi,0
1855,bei-jing-DC,lan-zhou-shi,0
1856,bei-jing-DC,dong-guan-shi,0
1857,bei-jing-DC,fo-shan-shi,0
1858,bei-jing-DC,guang-zhou-shi,0
1859,bei-jing-DC,hui-zhou-shi,0
1860,bei-jing-DC,jiang-men-shi,0
1861,bei-jing-DC,jie-yang-shi,0
1862,bei-jing-DC,shan-tou-shi,0
1863,bei-jing-DC,shen-zhen-shi,0
1864,bei-jing-DC,zhan-jiang-shi,0
1865,bei-jing-DC,zhong-shan-shi,0
1866,bei-jing-DC,zhu-hai-shi,0
1867,bei-jing-DC,nan-ning-shi,0
1868,bei-jing-DC,gui-yang-shi,0
1869,bei-jing-DC,bao-ding-shi,1
1870,bei-jing-DC,cang-zhou-shi,1
1871,bei-jing-DC,cheng-de-shi,1
1872,bei-jing-DC,han-dan-shi,1
1873,bei-jing-DC,nei-lu-CDC-suo-zai-cheng-shi,1
1874,bei-jing-DC,shi-jia-zhuang-shi,1
1875,bei-jing-DC,tang-shan-shi,1
1876,bei-jing-DC,xing-tai-shi,1
1877,bei-jing-DC,zhang-jia-kou-shi,1
1878,bei-jing-DC,luo-yang-shi,0
1879,bei-jing-DC,nan-yang-shi,0
1880,bei-jing-DC,shang-qiu-shi,1
1881,bei-jing-DC,xin-xiang-shi,1
1882,bei-jing-DC,xin-yang-shi,0
1883,bei-jing-DC,zheng-zhou-shi,1
1884,bei-jing-DC,zhou-kou-shi,1
1885,bei-jing-DC,da-qing-shi,0
1886,bei-jing-DC,ha-er-bin-shi,0
1887,bei-jing-DC,wu-han-shi,0
1888,bei-jing-DC,xiang-yang-shi,0
1889,bei-jing-DC,heng-yang-shi,0
1890,bei-jing-DC,chang-sha-shi,0
1891,bei-jing-DC,ji-lin-shi,0
1892,bei-jing-DC,chang-chun-shi,0
1893,bei-jing-DC,chang-zhou-shi,0
1894,bei-jing-DC,huai-an-shi,0
1895,bei-jing-DC,lian-yun-gang-shi,0
1896,bei-jing-DC,nan-jing-shi,0
1897,bei-jing-DC,nan-tong-shi,0
1898,bei-jing-DC,su-zhou-shi2,0
1899,bei-jing-DC,tai-zhou-shi1,0
1900,bei-jing-DC,wu-xi-shi,0
1901,bei-jing-DC,su-qian-shi,0
1902,bei-jing-DC,xu-zhou-shi,1
1903,bei-jing-DC,yan-cheng-shi,0
1904,bei-jing-DC,yang-zhou-shi,0
1905,bei-jing-DC,zhen-jiang-shi,0
1906,bei-jing-DC,gan-zhou-shi,0
1907,bei-jing-DC,jiu-jiang-shi,0
1908,bei-jing-DC,nan-chang-shi,0
1909,bei-jing-DC,shang-rao-shi,0
1910,bei-jing-DC,an-shan-shi,1
1911,bei-jing-DC,da-lian-shi,0
1912,bei-jing-DC,shen-yang-shi,1
1913,bei-jing-DC,bao-tou-shi,1
1914,bei-jing-DC,hu-he-hao-te-shi,1
1915,bei-jing-DC,de-zhou-shi,1
1916,bei-jing-DC,dong-ying-shi,1
1917,bei-jing-DC,he-ze-shi,1
1918,bei-jing-DC,ji-nan-shi,1
1919,bei-jing-DC,ji-ning-shi,1
1920,bei-jing-DC,liao-cheng-shi,1
1921,bei-jing-DC,lin-yi-shi,1
1922,bei-jing-DC,qing-dao-shi,1
1923,bei-jing-DC,ri-zhao-shi,1
1924,bei-jing-DC,tai-an-shi,1
1925,bei-jing-DC,wei-hai-shi,0
1926,bei-jing-DC,wei-fang-shi,1
1927,bei-jing-DC,yan-tai-shi,1
1928,bei-jing-DC,zi-bo-shi,1
1929,bei-jing-DC,lin-fen-shi,1
1930,bei-jing-DC,tai-yuan-shi,1
1931,bei-jing-DC,yun-cheng-shi,0
1932,bei-jing-DC,xi-an-shi,0
1933,bei-jing-DC,xian-yang-shi,0
1934,bei-jing-DC,shang-hai-shi,0
1935,bei-jing-DC,cheng-du-shi,0
1936,bei-jing-DC,mian-yang-shi,0
1937,bei-jing-DC,tian-jin-shi,1
1938,bei-jing-DC,kun-ming-shi,0
1939,bei-jing-DC,hang-zhou-shi,0
1940,bei-jing-DC,hu-zhou-shi,0
1941,bei-jing-DC,jia-xing-shi,0
1942,bei-jing-DC,jin-hua-shi,0
1943,bei-jing-DC,ning-bo-shi,0
1944,bei-jing-DC,shao-xing-shi,0
1945,bei-jing-DC,tai-zhou-shi2,0
1946,bei-jing-DC,wen-zhou-shi,0
1947,bei-jing-DC,chong-qing-shi,0
1948,ning-bo-DC,bo-zhou-shi,1
1949,ning-bo-DC,chu-zhou-shi,1
1950,ning-bo-DC,fu-yang-shi,1
1951,ning-bo-DC,he-fei-shi,1
1952,ning-bo-DC,lu-an-shi,1
1953,ning-bo-DC,wu-hu-shi,1
1954,ning-bo-DC,su-zhou-shi1,1
1955,ning-bo-DC,bei-jing-shi,0
1956,ning-bo-DC,fu-zhou-shi,1
1957,ning-bo-DC,ning-de-shi,1
1958,ning-bo-DC,quan-zhou-shi,1
1959,ning-bo-DC,gang-kou-CDC-suo-zai-cheng-shi,0
1960,ning-bo-DC,zhang-zhou-shi,0
1961,ning-bo-DC,lan-zhou-shi,0
1962,ning-bo-DC,dong-guan-shi,0
1963,ning-bo-DC,fo-shan-shi,0
1964,ning-bo-DC,guang-zhou-shi,0
1965,ning-bo-DC,hui-zhou-shi,0
1966,ning-bo-DC,jiang-men-shi,0
1967,ning-bo-DC,jie-yang-shi,0
1968,ning-bo-DC,shan-tou-shi,0
1969,ning-bo-DC,shen-zhen-shi,0
1970,ning-bo-DC,zhan-jiang-shi,0
1971,ning-bo-DC,zhong-shan-shi,0
1972,ning-bo-DC,zhu-hai-shi,0
1973,ning-bo-DC,nan-ning-shi,0
1974,ning-bo-DC,gui-yang-shi,0
1975,ning-bo-DC,bao-ding-shi,0
1976,ning-bo-DC,cang-zhou-shi,0
1977,ning-bo-DC,cheng-de-shi,0
1978,ning-bo-DC,han-dan-shi,0
1979,ning-bo-DC,nei-lu-CDC-suo-zai-cheng-shi,0
1980,ning-bo-DC,shi-jia-zhuang-shi,0
1981,ning-bo-DC,tang-shan-shi,0
1982,ning-bo-DC,xing-tai-shi,0
1983,ning-bo-DC,zhang-jia-kou-shi,0
1984,ning-bo-DC,luo-yang-shi,0
1985,ning-bo-DC,nan-yang-shi,0
1986,ning-bo-DC,shang-qiu-shi,0
1987,ning-bo-DC,xin-xiang-shi,0
1988,ning-bo-DC,xin-yang-shi,0
1989,ning-bo-DC,zheng-zhou-shi,0
1990,ning-bo-DC,zhou-kou-shi,0
1991,ning-bo-DC,da-qing-shi,0
1992,ning-bo-DC,ha-er-bin-shi,0
1993,ning-bo-DC,wu-han-shi,0
1994,ning-bo-DC,xiang-yang-shi,0
1995,ning-bo-DC,heng-yang-shi,0
1996,ning-bo-DC,chang-sha-shi,0
1997,ning-bo-DC,ji-lin-shi,0
1998,ning-bo-DC,chang-chun-shi,0
1999,ning-bo-DC,chang-zhou-shi,1
2000,ning-bo-DC,huai-an-shi,1
2001,ning-bo-DC,lian-yun-gang-shi,1
2002,ning-bo-DC,nan-jing-shi,1
2003,ning-bo-DC,nan-tong-shi,1
2004,ning-bo-DC,su-zhou-shi2,1
2005,ning-bo-DC,tai-zhou-shi1,1
2006,ning-bo-DC,wu-xi-shi,1
2007,ning-bo-DC,su-qian-shi,1
2008,ning-bo-DC,xu-zhou-shi,1
2009,ning-bo-DC,yan-cheng-shi,1
2010,ning-bo-DC,yang-zhou-shi,1
2011,ning-bo-DC,zhen-jiang-shi,1
2012,ning-bo-DC,gan-zhou-shi,0
2013,ning-bo-DC,jiu-jiang-shi,1
2014,ning-bo-DC,nan-chang-shi,1
2015,ning-bo-DC,shang-rao-shi,1
2016,ning-bo-DC,an-shan-shi,0
2017,ning-bo-DC,da-lian-shi,0
2018,ning-bo-DC,shen-yang-shi,0
2019,ning-bo-DC,bao-tou-shi,0
2020,ning-bo-DC,hu-he-hao-te-shi,0
2021,ning-bo-DC,de-zhou-shi,0
2022,ning-bo-DC,dong-ying-shi,0
2023,ning-bo-DC,he-ze-shi,0
2024,ning-bo-DC,ji-nan-shi,0
2025,ning-bo-DC,ji-ning-shi,0
2026,ning-bo-DC,liao-cheng-shi,0
2027,ning-bo-DC,lin-yi-shi,1
2028,ning-bo-DC,qing-dao-shi,0
2029,ning-bo-DC,ri-zhao-shi,1
2030,ning-bo-DC,tai-an-shi,0
2031,ning-bo-DC,wei-hai-shi,0
2032,ning-bo-DC,wei-fang-shi,0
2033,ning-bo-DC,yan-tai-shi,0
2034,ning-bo-DC,zi-bo-shi,0
2035,ning-bo-DC,lin-fen-shi,0
2036,ning-bo-DC,tai-yuan-shi,0
2037,ning-bo-DC,yun-cheng-shi,0
2038,ning-bo-DC,xi-an-shi,0
2039,ning-bo-DC,xian-yang-shi,0
2040,ning-bo-DC,shang-hai-shi,1
2041,ning-bo-DC,cheng-du-shi,0
2042,ning-bo-DC,mian-yang-shi,0
2043,ning-bo-DC,tian-jin-shi,0
2044,ning-bo-DC,kun-ming-shi,0
2045,ning-bo-DC,hang-zhou-shi,1
2046,ning-bo-DC,hu-zhou-shi,1
2047,ning-bo-DC,jia-xing-shi,1
2048,ning-bo-DC,jin-hua-shi,1
2049,ning-bo-DC,ning-bo-shi,1
2050,ning-bo-DC,shao-xing-shi,1
2051,ning-bo-DC,tai-zhou-shi2,1
2052,ning-bo-DC,wen-zhou-shi,1
2053,ning-bo-DC,chong-qing-shi,0
2054,chong-qing-DC,bo-zhou-shi,0
2055,chong-qing-DC,chu-zhou-shi,0
2056,chong-qing-DC,fu-yang-shi,0
2057,chong-qing-DC,he-fei-shi,0
2058,chong-qing-DC,lu-an-shi,0
2059,chong-qing-DC,wu-hu-shi,0
2060,chong-qing-DC,su-zhou-shi1,0
2061,chong-qing-DC,bei-jing-shi,0
2062,chong-qing-DC,fu-zhou-shi,0
2063,chong-qing-DC,ning-de-shi,0
2064,chong-qing-DC,quan-zhou-shi,0
2065,chong-qing-DC,gang-kou-CDC-suo-zai-cheng-shi,0
2066,chong-qing-DC,zhang-zhou-shi,0
2067,chong-qing-DC,lan-zhou-shi,0
2068,chong-qing-DC,dong-guan-shi,0
2069,chong-qing-DC,fo-shan-shi,0
2070,chong-qing-DC,guang-zhou-shi,0
2071,chong-qing-DC,hui-zhou-shi,0
2072,chong-qing-DC,jiang-men-shi,0
2073,chong-qing-DC,jie-yang-shi,0
2074,chong-qing-DC,shan-tou-shi,0
2075,chong-qing-DC,shen-zhen-shi,0
2076,chong-qing-DC,zhan-jiang-shi,0
2077,chong-qing-DC,zhong-shan-shi,0
2078,chong-qing-DC,zhu-hai-shi,0
2079,chong-qing-DC,nan-ning-shi,0
2080,chong-qing-DC,gui-yang-shi,1
2081,chong-qing-DC,bao-ding-shi,0
2082,chong-qing-DC,cang-zhou-shi,0
2083,chong-qing-DC,cheng-de-shi,0
2084,chong-qing-DC,han-dan-shi,0
2085,chong-qing-DC,nei-lu-CDC-suo-zai-cheng-shi,0
2086,chong-qing-DC,shi-jia-zhuang-shi,0
2087,chong-qing-DC,tang-shan-shi,0
2088,chong-qing-DC,xing-tai-shi,0
2089,chong-qing-DC,zhang-jia-kou-shi,0
2090,chong-qing-DC,luo-yang-shi,0
2091,chong-qing-DC,nan-yang-shi,0
2092,chong-qing-DC,shang-qiu-shi,0
2093,chong-qing-DC,xin-xiang-shi,0
2094,chong-qing-DC,xin-yang-shi,0
2095,chong-qing-DC,zheng-zhou-shi,0
2096,chong-qing-DC,zhou-kou-shi,0
2097,chong-qing-DC,da-qing-shi,0
2098,chong-qing-DC,ha-er-bin-shi,0
2099,chong-qing-DC,wu-han-shi,0
2100,chong-qing-DC,xiang-yang-shi,0
2101,chong-qing-DC,heng-yang-shi,0
2102,chong-qing-DC,chang-sha-shi,0
2103,chong-qing-DC,ji-lin-shi,0
2104,chong-qing-DC,chang-chun-shi,0
2105,chong-qing-DC,chang-zhou-shi,0
2106,chong-qing-DC,huai-an-shi,0
2107,chong-qing-DC,lian-yun-gang-shi,0
2108,chong-qing-DC,nan-jing-shi,0
2109,chong-qing-DC,nan-tong-shi,0
2110,chong-qing-DC,su-zhou-shi2,0
2111,chong-qing-DC,tai-zhou-shi1,0
2112,chong-qing-DC,wu-xi-shi,0
2113,chong-qing-DC,su-qian-shi,0
2114,chong-qing-DC,xu-zhou-shi,0
2115,chong-qing-DC,yan-cheng-shi,0
2116,chong-qing-DC,yang-zhou-shi,0
2117,chong-qing-DC,zhen-jiang-shi,0
2118,chong-qing-DC,gan-zhou-shi,0
2119,chong-qing-DC,jiu-jiang-shi,0
2120,chong-qing-DC,nan-chang-shi,0
2121,chong-qing-DC,shang-rao-shi,0
2122,chong-qing-DC,an-shan-shi,0
2123,chong-qing-DC,da-lian-shi,0
2124,chong-qing-DC,shen-yang-shi,0
2125,chong-qing-DC,bao-tou-shi,0
2126,chong-qing-DC,hu-he-hao-te-shi,0
2127,chong-qing-DC,de-zhou-shi,0
2128,chong-qing-DC,dong-ying-shi,0
2129,chong-qing-DC,he-ze-shi,0
2130,chong-qing-DC,ji-nan-shi,0
2131,chong-qing-DC,ji-ning-shi,0
2132,chong-qing-DC,liao-cheng-shi,0
2133,chong-qing-DC,lin-yi-shi,0
2134,chong-qing-DC,qing-dao-shi,0
2135,chong-qing-DC,ri-zhao-shi,0
2136,chong-qing-DC,tai-an-shi,0
2137,chong-qing-DC,wei-hai-shi,0
2138,chong-qing-DC,wei-fang-shi,0
2139,chong-qing-DC,yan-tai-shi,0
2140,chong-qing-DC,zi-bo-shi,0
2141,chong-qing-DC,lin-fen-shi,0
2142,chong-qing-DC,tai-yuan-shi,0
2143,chong-qing-DC,yun-cheng-shi,0
2144,chong-qing-DC,xi-an-shi,1
2145,chong-qing-DC,xian-yang-shi,1
2146,chong-qing-DC,shang-hai-shi,0
2147,chong-qing-DC,cheng-du-shi,1
2148,chong-qing-DC,mian-yang-shi,1
2149,chong-qing-DC,tian-jin-shi,0
2150,chong-qing-DC,kun-ming-shi,0
2151,chong-qing-DC,hang-zhou-shi,0
2152,chong-qing-DC,hu-zhou-shi,0
2153,chong-qing-DC,jia-xing-shi,0
2154,chong-qing-DC,jin-hua-shi,0
2155,chong-qing-DC,ning-bo-shi,0
2156,chong-qing-DC,shao-xing-shi,0
2157,chong-qing-DC,tai-zhou-shi2,0
2158,chong-qing-DC,wen-zhou-shi,0
2159,chong-qing-DC,chong-qing-shi,1
