MSFT,AAPL,NVDA,GOOGL,GOOG,AMZN,META,BRK-B,LLY,AVGO,JPM,TSLA,V,WMT,XOM,UNH,MA,PG,COST,JNJ,ORCL,MRK,HD,BAC,CVX,NFLX,ABBV,AMD,KO,CRM,PEP,QCOM,TMO,ADBE,WFC,LIN,DHR,TMUS,ACN,CSCO,MCD,DIS,AMAT,GE,TXN,ABT,AXP,CAT,INTU,VZ
0.042891683846672635,-0.005501298486425221,-0.004998236752062124,0.04263268291853839,0.04786855609805696,-0.01557601223652838,-0.054290538055702164,-0.01725104620793383,0.23175774840817054,0.02889120576628046,0.019883931107188557,0.12450585757436827,-0.11649058388335842,-0.025390233649902116,0.08782140902154567,-0.0487624553433329,-0.11276144650935493,-0.0729960414037294,-0.064626608310698,0.03653593092393859,-0.06227792239968466,-0.05782366772959091,0.019576902198679358,-0.0217749853950735,0.008880847984686913,-0.015423531377126043,-0.03239757524671294,-0.06618689080165874,-0.12199128906252721,0.013616139459368126,-0.07909647005367337,0.025863019414407162,0.09429343654237377,-0.08268016977370907,-0.009940269455767092,-0.06872615139686633,0.07067611281654096,-0.06503534028265356,-0.07068369591380408,0.00428040074361169,-0.03141036408377229,-0.07180699335205709,0.12027798252884603,-0.011111200624238982,0.01562600122664559,0.13332653542302864,-0.035086852725185524,0.009849628790171483,-0.047494634194563456,-0.05810861621743091
0.0041180705757928315,-0.07971210354205582,0.055794015420701726,0.1064651338812379,0.10955800979459895,-0.03532841376742368,-0.0027483552129256017,0.05547022276078084,-0.010695503707486398,0.042996723111944135,0.1437784120805834,-0.14874045049393914,0.10074888178583175,-0.07523655410894814,0.23312493379209398,-0.004077023042391881,0.11875191048651912,-0.03650262415612482,-0.05895177674007801,-0.02257036211538499,0.06751612933649653,-0.057739855811893004,-0.046082131944086724,0.17065764528511473,0.19029997035480872,0.012133888239368673,0.05132715234848173,-0.013194736822412345,0.017445449741075647,-0.04016672473971439,-0.054038056757268804,-0.12855122428133414,-0.11697090209722538,0.0019618205977194325,0.21433945223487227,-0.004604611002120063,-0.07639574475662136,-0.048461307353561356,0.037119589961579935,0.00650496048530913,-0.002076562925944603,0.12410049823460922,0.2248065932671457,0.17415726741022763,0.03971269824101786,-0.030827808708498772,0.16342672777806522,0.18070445361545717,0.08003202487789607,0.010045534676245138
0.01458826938856661,0.007339626081403372,-0.026369417055274624,0.02008499955309917,0.01559752123827396,0.00037178414851712915,0.1432729597581115,0.062201185212874766,-0.08819366516465921,-0.005502990535318553,0.03438198779960677,-0.011206569460841198,-0.0031075212029318955,0.049854715722730036,0.026853168459789023,0.12392963640778598,0.0062171941447712875,0.0963327640270979,0.06489423870381339,0.037169953855263005,0.08773806611435742,0.07088001418756029,0.1889865103693218,0.12020102451032555,0.04789993686547689,-0.031901277201904055,0.004455266079423259,-0.07111586775897039,0.08488940570934078,-0.021385693217108703,0.10364140800318378,-0.02179389804434284,0.014583203013239787,0.03415489640574809,0.08017698928597028,0.1517775213735535,0.02560912614400701,0.04434447855126278,0.1010364317129464,0.15244055930091416,0.08731923873158465,-0.023910168852878888,0.13038359963131652,0.04801727051691618,0.09705704100920598,0.0005009434603837626,0.04883295266657717,0.0740687016213113,-0.018147352421670204,0.05153707588275336
0.06960162629114897,0.07621766948357922,0.12445443030335257,0.14107980810337506,0.16508019310029476,0.12066273709568343,0.10372452840806501,0.07625165731102479,-0.021678579127647812,-0.016089369463912262,0.016330192094809792,0.06214724771921731,0.10310321230500885,0.030037435114746103,0.025255213210962246,0.07184118584370469,0.07432539272654459,-0.008538465434559495,0.0578956004116542,-0.00985668207882362,0.0847649389246059,-0.033597025449468965,0.060344093094526485,0.047557202366336204,-0.016413677571206042,-0.015699886636955207,0.04283563110506283,0.03974525791824246,0.024094211566259904,0.08708178943993494,0.01915894188716205,0.04683620291376389,0.030347502419013628,0.06935650453196018,0.1530583589201524,0.020346782563333665,0.12822124002719515,0.05459339551751907,0.052913670054725914,-0.008412774844116844,0.053270219591872614,0.008129145089111667,-0.006661639103084482,-0.0007617056531965538,-0.03959823686682562,0.005681731974407356,0.08420554480846953,-0.011768755444522938,0.07751290333200433,0.004501233540881389
-0.007627474060085904,-0.05049704801532129,0.08228126505537392,0.0014233865084067876,0.000597578450869829,-0.07047025525869377,0.011228107077303706,0.05270045314078531,0.09767825650228135,0.03535727830248092,0.06781086978574247,-0.11871335524117277,-0.025389075703930897,0.01913920008274772,0.034597028861806045,0.03289882165305191,-0.05622153185973222,0.010718149476192096,0.01660891931331454,0.04655514405559735,0.03892295326043871,0.0186576744379936,-0.014706401858863072,0.0458920049452789,0.019311739242147352,-0.020760655447744858,0.015246560401241505,-0.01886793511032847,0.02426799631418408,0.03377902679885669,0.02622079019205925,-0.030691842445939255,-0.0015524676381224456,-0.0073966435706659395,0.03933238199598765,0.05163750178343318,0.008663314828493363,0.0705364661676986,-0.026933548297111254,0.03908871992730467,-0.003804830875813514,-0.03961945467371508,0.04266065960623622,0.07164651117666931,0.05157602605770273,-0.02856424630377119,0.04421227595050037,0.05685853071309088,0.06533853595564687,-0.02249524401667502
0.08498898499077479,0.09910928341123149,0.2316221698268599,0.036039653503386226,0.03929404965123218,0.06735498737093981,0.057737330269071796,-0.039800956731970594,0.1490938109235953,0.01745097505416937,-0.052971343285512895,0.08713734718910104,0.02868464668597448,-0.007111181610538142,0.08069213465897973,-0.024308971546615266,0.012507667346648876,0.000593050487210478,0.04599890315129174,-0.026646875876587095,-0.011430087085604446,0.08319333964070319,0.00518085695272319,-0.023270476825337894,0.009153145763268089,0.050516148321220644,-0.004947036412485395,0.17295202494301298,-0.013967670112425279,0.02591350678093507,0.008871890350692357,0.06778206292695321,0.07508435784191425,0.16064852002322239,-0.030607780481995528,-0.034872045599249724,0.04852797048450075,0.023895343860065976,0.044761561545834994,0.0018904236458101575,-0.012399090160503556,-0.016120775611115468,0.030912984443794977,-0.041761244702893996,0.013065068357684728,-0.0061724019281163,0.03184891336407958,-0.09727064947029451,0.11633167220494145,-0.00814322293809866
0.0517165620147344,0.06498238984771665,-0.025171883316896126,0.10350603127969737,0.07904009502430975,-0.032722282722282725,0.024704504574862618,0.001331300731545637,0.06090963703102159,0.017951545834818505,-0.01855059268071646,0.01103427987887895,0.0537592719204969,0.010849619157365264,-0.08734935875039962,0.029417649667292878,0.05835469432512186,0.060731812330551804,0.08809248482288812,0.04528325947844669,0.12360562378341688,-0.011572610229799385,0.029163437824956784,-0.06960963009270105,-0.027974037328412082,-0.020143530425078326,0.044003471804415994,0.13052275201105168,0.053964098638965785,-0.009579614695018224,0.05925612312003192,0.048065257975670184,0.07045022756538666,0.06145411743420559,0.014352014204159547,0.06326500868414264,0.10854821592613084,-0.0055927382171298,0.08069029306569764,0.05200058190493162,0.050738131598097036,0.001422245540197764,-0.017345574181887757,-0.037890033448885196,-0.0032080316212046434,0.04753383578648318,0.03476962772759484,-0.04489493075999784,0.082458024438407,0.006721961283987277
0.06159087653393924,0.0424894014510806,0.14820995732825581,0.07400915762835969,0.07573536140229575,0.043034169499993835,0.06477682826013509,0.02687836515532882,0.06416418771709531,0.024330402752986924,0.0538279945455018,0.07060538379906944,-0.06890574243279746,0.042756881824483006,-0.03864511341245791,0.009824839192190238,-0.10289156332173621,0.001124881362412733,0.059969201013901685,0.011375207921189068,0.022836740344871487,-0.007545159548754121,-0.006124473191331137,0.08837327658496208,-0.03668917156620777,0.09973529065962938,0.038520978147482676,0.0426593716465582,-0.012624853224302623,0.09647414117581676,-0.0035683908815118404,-0.020760788140507747,0.02766609812490506,0.06767692517054358,-0.0008943315663536566,0.023422996994439504,0.08964998652588707,-0.048604338359712784,0.05943094026757123,0.0659201456984877,-0.016266939964138083,0.029996591632427183,-0.03253639283796017,0.017470985774152847,0.001521407884271131,0.04455277461318752,-0.026798769083899554,0.019927430329020668,0.06819279528741706,-0.013983302649198559
-0.06611875946889167,-0.06803681963333252,-0.07455888094938368,-0.07616925379412043,-0.08384660962499901,-0.05351810876292584,-0.10540874074945816,-0.04489619997029082,-0.10546282946745145,-0.017550212020012945,0.023382407853849374,0.05404233150359361,-0.027717103382019825,-0.05887924698066882,0.0788700826332831,-0.05803583518660049,0.004187914759380851,-0.018189381924345494,-0.013480019384960462,-0.06717508461748745,-0.022439353268306594,-0.006644192220845335,0.011493452383591896,0.021976863095368504,0.04836207369505141,0.07229576105967994,-0.10688846608919722,-0.07062860918178882,-0.06116164128441026,0.022430065014197087,-0.0316450190272195,-0.11663602009337326,0.029995361148131394,-0.13255995161329337,0.015535930736547687,-0.06426080149781366,-0.06018476824966712,-0.06758133649708475,-0.04944139697368166,-0.07777025177954566,0.015371095570426041,-0.06690565857071462,-0.047361798195519667,-0.021625982061637128,0.00680954531196809,-0.06520541556146553,0.009460151506208936,-0.08962853881656418,-0.04698730762820558,-0.01800024846162762
0.17629094452728156,0.058657485118481345,0.2341668893046438,0.10749876550574489,0.11259467103695298,0.02660245759664326,-0.04661315589396098,0.05154981753632559,0.10261853311732194,0.09638512231653196,0.04413056116069414,0.436529595729082,-0.049293028536845473,0.07203345409295969,0.0960557490255396,0.17845642137421147,-0.033755465842448706,0.029158929279216927,0.09566088905194547,0.008544908932512474,0.10494388683100131,0.17228072938666505,0.13245612872620227,0.12555969272199885,0.12853599346317113,0.13102527637772354,0.07592665599596304,0.16841595310080026,0.07432831715287103,0.10497014165461982,0.07439662959447002,0.031477906747548134,0.10806367679951712,0.12964638790848237,0.10234873885496021,0.08800854304093075,0.0240769334352271,-0.09964005368125328,0.1248287586757224,0.03523985287655962,0.018414729574657285,-0.0005910932419727066,0.061524124960792514,0.017858859230585944,-0.018601152995710746,0.09529880495400977,0.039885505989173176,0.06858583222109704,0.16177117349535086,-0.007233363927697578
-0.0012820873371325314,0.10508172920075354,0.2780538194136988,-0.041530994033774915,-0.03924248996240476,0.039923701306487036,0.002750591201321484,-0.03595695959400913,-0.02321654108383464,0.04139785334756252,-0.06510089718357703,0.02761218887377903,-0.08338695113662276,-0.058827596775813173,-0.05934217916256257,-0.035289912088792064,-0.061397295800715956,0.011119635516369852,0.097326758738983,-0.03639890688632652,-0.05420046534207379,-0.14923357851116592,0.07766164335145342,-0.069275927401663,-0.002755205990003118,-0.07012787489061711,0.005319568756501525,0.3172252407498115,-0.0623249627411232,-0.049150791884235545,-0.011262544160891563,0.3571857121181561,-0.0003791816005209725,0.02996800337253136,-0.06246141730667165,-0.003320883250415574,0.031657904806686066,-0.05407287930487559,-0.0038741462401296056,-0.02018929079551124,0.0016537097304618609,-0.14295857962448633,0.07887019702372222,-0.09421196631703355,0.026082899411470573,-0.02420679336564613,-0.12360464389625714,-0.05225232931681356,0.042029343986865086,-0.05133051634730623
0.017332611306006163,0.07422861616176535,-0.09981034555136425,0.020821351973261404,0.015637007215562493,-0.04925196878828486,0.0366455477996348,0.08063174441338283,0.11361083767832825,0.20948287329388338,-0.0030223128739352845,-0.07685451947850863,0.11838761022552524,0.03301267362093041,0.022560073482579934,0.13407262176524104,0.14098828102523453,0.13141509685105324,0.05250477560738798,0.09709496651239902,-0.0389025548394184,0.03280059388458789,0.040229814673750086,0.005265083243952473,0.039691405480623,-0.06147378169782136,0.17453144877726334,-0.09136832523102556,0.12888450837154064,-0.10819061898550497,0.09452899841743845,0.016622169429769684,0.05479936966151877,-0.15345223822308918,0.004185945031445426,0.09256180583580442,0.023578681404833546,0.06589478166752416,0.1599048750137979,0.15554342835025392,0.09595256175476674,0.06894411788383659,0.06909442074776107,-0.004382706956160165,-0.02027353166881929,0.1190271560940479,0.074195688768673,0.06925261766452429,-0.013920059845700994,0.03361828278889667
-0.07534493605616288,-0.01571224276729566,-0.16745428603495005,-0.06591899421839253,-0.06207515432207933,-0.10282991021845667,-0.06864877126516566,0.046889595363451164,-0.11161394920157641,-0.11952018445019152,-0.05594719502582013,-0.11360931817914044,0.04365295139239622,-0.033727299027777824,0.24137912372194115,-0.0588880077642,0.07671989166441318,-0.013838280117057677,-0.11021664497595296,0.007131484786820463,-0.06591538078935977,0.06315260342050011,-0.11573220667034512,0.0370869490014234,0.11913091937775211,-0.2909833129980749,0.021495596992374022,-0.20604583150860545,0.030400324518503163,-0.08460237659771086,-0.00109376459016286,-0.038880150751926856,-0.1287993167339344,-0.0577716818443712,0.12130056126719713,-0.08010286120362065,-0.13136407490902524,-0.06733926875746887,-0.14486391605082272,-0.11633192364265044,-0.03215581895498809,-0.0769578971754602,-0.12188618863531764,0.00010569412173588866,-0.04134015284269643,-0.09116425032349373,0.10190296675712984,-0.020325047165059673,-0.13579387367966445,0.03678462037961183
-0.03721208834973866,-0.054065707845205035,-0.004124780198433764,-0.0018218183522005216,-0.005950672906730348,0.026672518265588474,-0.3263422952281725,0.02693126154633907,0.02283473549250359,0.002662670102916209,-0.0457603928765663,-0.0707681586632628,-0.04288103486479755,-0.033259381624358264,0.04383054035224787,0.006983032409953127,-0.06615247240220967,-0.028420101334396985,0.029511156598496457,-0.03867651371551195,-0.06394781325839227,-0.06013738705507343,-0.13938083358208309,-0.04204590309754608,0.10798663021649735,-0.07636846119793739,0.07947994201541464,0.0795623311850382,0.02016059127031178,-0.09500063412307214,-0.056362444569188264,-0.021449556501284217,-0.0641664595874305,-0.12468649941837828,-0.0035385577763709097,-0.07982934458894864,-0.03981929584105037,0.13904048704075866,-0.10622757440053932,0.0017962257187826847,-0.05133314071538109,0.03839978910498543,-0.027051888057026963,0.010901789416137397,-0.05292779597569219,-0.053663807670352615,0.0818597700859569,-0.0693588089144963,-0.14563326689112166,0.008265895829249637
0.03186195271665304,0.05747338616113096,0.11915711612550917,0.029694889089395327,0.03527656152447367,0.061437285030015776,0.053689034416844805,0.09786900065449733,0.14570910122602454,0.07915357445690141,-0.0386460685553891,0.2380088093327557,0.02614291193641871,0.10606663660447846,0.05317506600417987,0.07482964755386035,-0.009533724475439875,-0.019821681747915543,0.1090033582972707,0.07692785699202842,0.08898245684146966,0.08095907742689468,-0.046523891378625226,-0.06286091935326277,0.13076392497799083,-0.0505170668933852,0.09704257430880592,-0.11350738134973604,0.0037694033683475237,0.008502321780613498,0.028953698932352,-0.10775345571158457,0.08636169761658907,-0.025786857995771295,-0.09199922035776864,0.09368335029540531,0.06988274913039749,0.04171745725317155,0.06711595912597823,-0.00017927113102456094,0.010254559721709189,-0.07611486605974982,-0.017883771150007943,-0.040906675743932475,0.07935769454031782,-0.01873659740808742,-0.03875818916345386,0.18786644476971381,0.013639057708327629,-0.050866372561030326
-0.09986705783427618,-0.0971308956757716,-0.3202739936589567,-0.17946686322153727,-0.1767496562716625,-0.2375250931362105,-0.09844402356893678,-0.08523424322832063,0.020113849266600647,-0.11956860124889335,-0.11792304204851167,-0.19194510982164714,-0.0389592753191782,0.027330152603127766,0.032207334598745474,-0.0027846963837412364,0.01819980522404996,0.056614785601453166,-0.07513221033926587,0.018225012826751374,-0.10930569647913568,0.08092637880659703,0.0035746071469211493,-0.13440097523409866,-0.03783098910580729,-0.49181771411043895,-0.08624791071974058,-0.21785257447068018,0.042096659782209445,-0.17134511538233754,0.025869267242899285,-0.085918074149813,-0.06387897328820491,-0.13096436405256728,-0.09966967333678411,-0.023385611947595253,-0.14386515676724787,-0.0405921741046934,-0.10667985582945261,-0.1155772309374763,0.007602722084418589,-0.1861329995132659,-0.16274674469299344,-0.185245892112055,-0.07210597330426893,-0.03723905888345591,-0.06306983766772856,-0.050580407551667705,-0.12793020824178614,-0.080020153418766
-0.01807700747414942,-0.05449605311396999,0.00673938230120763,-0.0030453001704082716,-0.00806756099834427,-0.03276431760316645,-0.034069864226833224,-0.021218523281151702,0.07656261301424894,0.04642950468378193,0.10782500345478208,-0.12919748573786138,-0.002603062716771909,-0.1561698933006811,0.13763464160278804,-0.023144114877542754,-0.015162944138745305,-0.07891614028926874,-0.12318524092799066,0.0012393230881180273,-0.020163592871476177,0.037659109890404885,0.0078229321277834,0.04260090400158334,0.12399868484606102,0.03719269703905259,0.0033359741584686464,0.19106647110246278,-0.01903728014183348,-0.0892349715102313,-0.02306212661086582,0.02527012541271767,0.026496013897102433,0.05184997637672084,0.05478360959474382,0.04077448397709493,0.050531592069307685,0.08242635965777079,-0.006325734826931995,-0.0802368866047195,0.012241208040852491,-0.010660149220695803,0.06548990426380419,0.05016767956742796,0.04529729140179173,0.0348899607384443,-0.03371310773932601,0.02522080497756307,-0.010244761584316198,0.10777557563974027
-0.055320789076846455,-0.08142975338300995,-0.18797085846820283,-0.04218459896283844,-0.04092026097212853,-0.11645921262241288,-0.1672692365911379,-0.1359580368345359,0.03442450885903803,-0.15564184746421805,-0.14837767435870663,-0.11188774122303669,-0.07201768516177132,-0.05480835396123851,-0.10791657006437128,0.03760554100848812,-0.11845106851242981,-0.027657650279337642,0.028012484304991148,-0.011251767594152251,-0.028503701581749197,-0.001237177751912899,-0.08834957478482575,-0.15835217717252525,-0.17107518586809767,-0.11431324475857818,0.039289059170304785,-0.24926368778234786,-0.0002441685978690211,0.029955026745866142,0.00041265334550200095,-0.10339014593777074,-0.04223533095155563,-0.12106226492917938,-0.14419936926536103,-0.11116640599310323,-0.03806383559576121,0.009378172862349654,-0.06972474992995004,-0.053496033466377324,-0.015708033432126345,-0.14523721272963475,-0.2243158173309392,-0.18552444106060273,-0.13074221065311153,-0.0750043632977957,-0.1758158577422435,-0.17183225621593534,-0.07001878611789047,-0.010528455498640787
0.09309658269199361,0.18863370379675692,0.19816615781190516,0.06751838773274921,0.06644723440132916,0.27059597129750057,-0.013333196788775425,0.10101830708249948,0.01683980596800594,0.10224167516690597,0.03348210547741148,0.32376526434081954,0.07730211180167168,0.08611609847457724,0.13183082968638793,0.05589644924399906,0.12315311068596513,-0.027666856498261727,0.1313518362972037,-0.016844161449381945,0.11905143802036688,-0.020072196385196528,0.09724003049114538,0.08609087569678997,0.1312333141538764,0.2860982454180876,-0.054241696183092714,0.23538642229191908,0.020028584178200415,0.11500246575826911,0.04980183949842365,0.13558786475066253,0.1014763672612049,0.12036277619092006,0.1199900089210455,0.05032502741655143,0.14969224873957487,0.06332686546911304,0.10696712541252151,0.07360113659336243,0.0667933480745917,0.12394061689598224,0.16487152253687265,0.16082933024942814,0.17193784667549217,0.0062013180583688765,0.11109504998827013,0.1167532449263442,0.18546661180537694,-0.07840150571274074
-0.06666293466501749,-0.031207845928549083,-0.16897003679168443,-0.06963548120645224,-0.06421465457741082,-0.06061504624052039,0.02407279838268539,-0.06586832304896384,-0.0833406659415078,-0.06792035877548364,-0.01412959950707704,-0.07248867234513756,-0.061515515907281215,0.00815821344560086,-0.004242470461585102,-0.04242739636300674,-0.08315699133820209,-0.006982780350376361,-0.035470082126899505,-0.0693096909758174,-0.04740490448218915,-0.044549079785860646,-0.035349760444349454,-0.005915589944881505,-0.026155930458287235,-0.005958187524484293,-0.06306158893651226,-0.10161954430055886,-0.03833558800735848,-0.15161402972152083,-0.015375012068044813,-0.08305397815017779,-0.08871848289596151,-0.08943722108769736,0.0032100009782738415,-0.0633774354633061,-0.07396975879934786,0.006291037630380858,-0.05812063722062277,-0.014326698997851772,-0.03686470427645727,0.056361970147233764,-0.11010983636840999,-0.0063592780326944265,-0.07647159659353242,-0.0568723748397818,-0.013115115714709247,-0.06829750567558701,-0.05346678723742093,-0.09482568623429022
-0.10926690475827128,-0.12097703922772773,-0.19553416350183028,-0.1161522607676786,-0.1191021400819734,-0.10862189009783763,-0.16724967794785284,-0.04907407186020518,0.07343229752855351,-0.10293698445109356,-0.08115726237911824,-0.03758929611475259,-0.10598362416466234,-0.021501262077045724,-0.08661987106422275,-0.024464779804758363,-0.12340816373493602,-0.08474703144511031,-0.09544148352526338,0.012519947190687386,-0.1763992303939409,0.017036948453086787,-0.043270322031493835,-0.09553760201362671,-0.09104124894557208,0.05314011903985105,-0.0018594365615541841,-0.2534464644764812,-0.08558705874599093,-0.07865742975330525,-0.04593272533026671,-0.1458379560889097,-0.06942350014067444,-0.2630676670740144,-0.07984437474412742,-0.04295505340228811,-0.04215194321248472,-0.06800499922054815,-0.10802186441387718,-0.10554554943688765,-0.08538120622578627,-0.15836906641258097,-0.12905274295913094,-0.15568774681825448,-0.06313171342950097,-0.05737944556926211,-0.11243430959613221,-0.11168878487167322,-0.10296907227999574,-0.09184404866787399
-0.0033060357115607397,0.1095511013649011,0.11187083188297509,-0.011918469431227319,-0.015496596508108196,-0.09345130582826322,-0.3133844544941281,0.10512324349912805,0.11980811812781611,0.05880489583794546,0.21537092543520608,-0.14216779156971604,0.16611321355680775,0.09737843530051515,0.2691557423946278,0.09921993020695874,0.15604357100899646,0.07426320487219518,0.06380951788282485,0.06494854763268343,0.2849405341053064,0.1751043602055835,0.07316818314090878,0.19337749179453678,0.25913522936029465,0.2397213806326408,0.10192732277210803,-0.05208332079026845,0.06836837249731631,0.13035318235893945,0.11221355227746765,0.041423243887829475,0.013367561272623174,0.15734006494300012,0.14346099188129102,0.10297142735305798,-0.025630088721498634,0.1296116798794309,0.10828787327658351,0.14629960751427729,0.1816762111671688,0.1294391845020597,0.07762723027074814,0.25682460556100883,0.04607032045626558,0.027354766439697586,0.10456384021979415,0.3280620787065325,0.1058239704003483,0.0007846120844539062
0.10222288759917686,-0.03302735352134378,0.25415507205689036,0.06856410041723326,0.07173037929834436,-0.05759470309709913,0.2677113783312093,0.07967064304919713,0.02768689829840265,0.1721051335791206,0.09771195231500074,-0.14432626046795272,0.04984068267416353,0.07089171364429214,0.01287173124904828,-0.01331159633744039,0.08598945013162695,0.10759650067883886,0.07527418878721126,0.02976903054839508,0.06353275764031197,0.08814250809965385,0.10069912134331127,0.050221950831578654,0.021161041949411707,0.04676577246860303,0.10095625166848476,0.292540717255801,0.07036158889794697,-0.014392012777781349,0.02164346594397526,0.08190109878146612,0.08998584417546551,0.0829827085581829,0.04933297290155281,0.13159566289089764,0.0863829478182061,-0.0006597563793010464,0.05998601580950691,0.09443092396873465,0.006111438505441491,-0.08137784145710547,0.24438607598046258,0.10487077341847795,0.12345128343425138,0.08732547557424497,0.06156934659019342,0.09216481497935547,-0.04657306716470755,0.04308269322201563
-0.06004538513258206,-0.12227242652496217,-0.13644163872645643,-0.12634904240622258,-0.1253819038197158,-0.1298943525647971,0.0189669661645,-0.030445737668566286,-0.014120882723019368,0.023165976215692385,-0.029526543886262524,-0.3673343490707852,-0.04258053695492736,-0.06623462372955269,-0.009340636823174986,-0.029111047234305243,-0.024326656093566323,0.01609013330358633,-0.15345385267584977,-0.007584313109096463,-0.01553654323186704,0.014212566713151409,-0.025093308849791995,-0.11985115431027016,-0.02083902154731898,-0.03485744096826815,0.002667858983449678,-0.1656576203187402,0.0,-0.172605314249217,-0.020069420353365564,-0.13084020502674398,-0.01649473208071839,-0.02435275005029791,-0.1388946815985279,-0.02722867968756093,-0.028286830524754558,-0.07566356479788017,-0.11328219797347694,-0.04183420269827842,-0.03394559773656647,-0.11229190202516826,-0.11149634416371224,-0.02417754888213075,-0.08445089252674642,0.020542933481141556,-0.06244034399040699,0.013324257990075417,-0.04506993077871002,0.0107746729078384
0.03331649727066721,0.11052089453777247,0.3368690122882516,0.12025381548244307,0.12554937676468558,0.22773806254069018,0.237909346358969,0.008481693651523736,-0.05928825069597121,0.046286410972776304,0.05140809285022652,0.4062347847991097,0.10805745903557318,0.01466950408304779,0.05176782389408574,-0.05845168348468588,0.06749928466125099,-0.05467516964606578,0.11969334000021559,-0.07489380205371776,0.08626991946138096,-0.03190619270767325,0.026309158184798065,0.07125602062716085,-0.030475397008211447,0.20001349529341295,-0.07707126567896283,0.16025946303524585,-0.03600059497637098,0.26683764914874053,-0.05335986044763663,0.21166096002706047,0.03566450803075982,0.10046651912528914,0.1351415870301289,0.014593256774663388,-0.003918248453927076,0.06649993866021564,0.05003527584398926,0.02978310971496012,0.014685378980209496,0.24873393711066827,0.14489644665217183,0.230396090299112,0.08021360135619182,0.011481388007741122,0.18806317589280752,0.05816153208870656,0.08813713630683684,0.07166309918243385
0.009017972589535628,0.02318295105552881,0.18830920943637453,-0.08883044101356186,-0.09582454894663073,-0.08629878923214462,0.1743304364819549,-0.02035181228005367,-0.09275929448082254,0.015862796476382002,0.024221171116096896,0.18756497670132144,-0.04274024634410467,-0.012094336668759476,-0.04529141681122184,-0.04657533646651346,-0.041311443585949736,-0.03385315798007671,-0.05109599190998493,-0.05542583356517172,-0.0119829928333266,-0.010892899290929292,-0.0852330734741309,-0.03325827809213666,-0.06797346579737518,-0.08966817889065937,0.04162430591451183,0.04564205236901575,-0.029517316781082825,-0.025956998544896637,0.01467661065483239,-0.0726673097491326,-0.050093909022142724,-0.1252632299767431,0.0042317774919307105,0.0526680475833019,-0.06373402385781912,-0.0477529981523811,-0.04837857024686887,-0.005136744677017191,-0.007353316435023682,-0.08185083936870308,0.04423728397707438,0.05255958558629792,-0.03250392450098205,-0.07987338598514959,-0.005373603624716838,-0.050497388596833614,-0.03664803587628829,-0.06639410616731511
0.1558814957819148,0.11864868546519558,0.1966625789504921,0.15178776491390078,0.1517164651458014,0.0961476943206232,0.2115010483459261,0.011763537663180168,0.1034639703086846,0.0872764193337412,-0.09096617470651369,0.008507121398494633,0.02509780608942891,0.041682743573338676,-0.002274446307422018,-0.0035021268349992862,0.02285455918207524,0.08091019085012463,0.02620934869129843,0.011353240514628826,0.06315795651009504,0.008374121154851588,0.0024182292634349345,-0.16077264359041843,0.014865988061228075,0.07248628115847233,0.03554257882411638,0.24726393296541094,0.05034114086640873,0.22107453085473328,0.0576379200962156,0.03909426319288101,0.06457242681600084,0.18959710015662457,-0.20076971306035096,0.024117748300033437,0.019332059442014993,0.018708678497322273,0.07629472641462254,0.07971921962856654,0.05949009510017733,0.005220357149086752,0.05751177829936238,0.12986748299393835,0.0849228409677254,-0.004522282481381201,-0.05195697705542324,-0.044708787612907086,0.09492099821711864,0.002061146339565223
0.06576496967484902,0.02898728016203167,-0.0010080177736463414,0.034801778106615,0.0405769127101554,0.02091195675834423,0.1339058564558837,0.06406062597754936,0.15269915581570825,-0.023443599368710877,0.06918052098269256,-0.20799193945263272,0.03224509370657391,0.023872459943725666,0.07915358908959313,0.04126204625712693,0.04737405103000092,0.05830303590023411,0.012780058310168707,0.05612905931585299,0.023640292604906632,0.08534635708742488,0.01836548203925603,0.023776245366255777,0.03321882339283033,-0.04500989294909519,-0.04304303921841679,-0.08815426182359576,0.03417701386602201,-0.007057823740553304,0.04712010688474444,-0.08449595960118539,-0.0372503924709332,-0.02026623156330265,0.06340295517197214,0.03941606247039808,-0.06003012032489452,-0.006489914080618275,-0.0154623555496054,-0.08942386752354281,0.05772314216410135,0.0236692668827716,-0.0797850169764236,0.03525091587820861,-0.10112370395991022,0.09640608211234869,-0.0182619368129191,-0.03868349652321734,-0.0024448603827168514,0.014981612419080692
0.071105565755605,0.04605831947923478,0.36343650578792297,0.14468055855705964,0.13999262730133033,0.14348037288458837,0.10153121582988045,-0.022736269968788525,0.08770046674970033,0.2896408990449182,-0.018301513079930776,0.2411295460159617,-0.04842128828944259,-0.023462130023200523,-0.12906320814973815,-0.009855972574684957,-0.039496923867021416,-0.08875821896518143,0.01869349006556531,-0.04563267105653379,0.11845438937319375,-0.04382080860516391,-0.050074376147235755,-0.05088792980865153,-0.09778776590344607,0.19792083096463586,-0.0870831218800795,0.32270331712609934,-0.069992215281929,0.12607760546222968,-0.044737842307722264,-0.022281130277607253,-0.08369080168485798,0.10655263069834309,0.009343869243270353,-0.04273929897328166,-0.030771232658473036,-0.04621259217788831,0.09144089599176408,0.051216984758783335,-0.03597632899816672,-0.14185366146532985,0.18237216444458326,0.025866496590554844,0.047958897433293846,-0.07667239039566309,-0.01723074338374686,-0.059643491469430154,-0.055929755929638336,-0.08241071779109244
0.03699864412566489,0.09433015489393215,0.11821045914842121,-0.025799691726310914,-0.01945372246474164,0.08110796675057008,0.08408886859855125,0.06204065734645514,0.09202252426740376,0.07932476865650595,0.07169704745293526,0.28362672689273194,0.07442433565225381,0.07019808123837534,0.04961833495023216,-0.009496256426004601,0.07747509581895007,0.06484215575880459,0.05242775938849209,0.06745776620653099,0.12412686782768967,0.05208716895573273,0.09592508522209009,0.040623863033160124,0.04468203902413137,0.11451554282301846,-0.02341270384762484,-0.03637590267884627,0.017073911704689637,-0.05425737879859649,0.022834602525382053,0.04964290520949133,0.02682097690916896,0.17042049889471578,0.0720923911976985,0.08143076583625453,0.046408574784651435,0.01202176494471896,0.008695091986135939,0.04167501794650774,0.052204547845576155,0.015006821044966534,0.0843210851340912,0.08194625730152416,0.0353116325525733,0.06882350131009018,0.09863780530583144,0.19586865723051083,0.09321908579103177,0.043783365681834496
-0.013566684685379915,0.012785404788621335,0.10465225363831676,0.1087719920680641,0.10035543543192382,0.025467873963526566,0.11018196434196215,0.03214073740492118,-0.030768931727994775,0.035991478465410065,0.09354238012615212,0.021622049507798113,0.001052646818281655,0.017050529247103263,-9.320943004775817e-05,0.05353276653828565,0.003941636124749293,0.03654144632980216,0.041402049031488586,0.012143570393566838,-0.012163823010864605,-0.07574305455950947,0.07468445248165101,0.11537103920112979,0.0401017435275417,-0.0034506777619693896,0.12252873639077011,0.004301622754951495,0.028395883275845746,0.06508571987722922,0.012093808644729087,0.11029902832379634,0.051576312365921195,0.11693489400135704,0.08153707311773961,0.02516549395827039,0.06275001991416507,-0.00813517647639661,0.02890049193095856,0.01342535150150126,-0.017459168950719195,-0.004368277553318811,0.04877540148316051,0.04092730542559764,0.006914381428920091,0.026086359241667578,-0.027215059237467476,0.08304494860363842,0.11871832943295102,-0.06721983937488352
-0.022225638311017426,-0.04238381366674193,0.05619644195765816,0.025994573874417393,0.03185337922491338,0.0323907994336623,-0.0712805788485763,0.02341181086488575,0.22184138467131564,0.026973758317754504,-0.07362622059887147,-0.034962443852926794,0.03538460555115197,0.020818667853869544,0.04533257025000714,-0.05883052132477484,0.046565841671753594,-0.012539982824313012,-0.018463722429655216,-0.0279121583096702,0.026955545341583287,0.021847128195949805,-0.004285837587929886,-0.09659632158984,-0.006182018779329224,-0.012050956854024686,-0.017515739503926486,-0.07587412752972944,-0.03390925636446973,-0.015777056835266978,-0.044214006262110916,-0.12732860874059493,0.015383022869013052,0.02411345251003838,-0.09850651949137057,-0.009291800962165642,0.03897119875708821,-0.011032991011990734,0.023455052396480713,0.10203682981504225,-0.035942881815465566,-0.058611786543211086,0.009903989382720413,0.0019257008470379144,-0.06633331057041125,-0.07572080525106617,-0.0644836913204252,0.060187736169049266,0.05884304827571585,0.02640832196399745
-0.036642793542497776,-0.08867837059426265,-0.11857800745230973,-0.03899534733027088,-0.04004365187143166,-0.07890726899285905,0.014599971206637141,-0.027484797552900342,-0.030801086896932284,-0.09512111772616416,-0.008952387776487769,-0.030455617484936637,-0.06378215071297066,-0.016481186806488357,0.057469246486772985,0.06205201814812211,-0.04054376485021971,-0.05494364646985461,0.028546274262271742,-0.036677425383266016,-0.1201927262168393,-0.04889116996780252,-0.08519512686678332,-0.044994783430141294,0.046679000153547756,-0.12931190628890965,0.014289465053900496,-0.027430963794871754,-0.056925735497037167,-0.0843493563047214,-0.047661842091406004,-0.030297786006744265,-0.09079694410212458,-0.08838994276331213,-0.010414179210952779,-0.034775070039104405,-0.0637735534770758,0.027889906343284476,-0.051456305772669464,-0.0625980624994299,-0.06299126524128407,-0.03142920518912684,-0.0936763543565674,-0.03328940606330422,-0.05384990534688738,-0.05879498276630246,-0.05569981863450446,-0.028919007766921023,-0.05697570798059648,-0.07347056499989413
0.07081555204255507,-0.002569925500664594,-0.06250719264932292,-0.05181112767489937,-0.04967767723696859,0.046963447626806376,0.0035308769140565133,-0.02560662727172147,0.03127724878996263,0.012990851757186839,-0.03402215717094825,-0.1973463537763216,0.022129537832071167,0.021759556803632396,-0.09976193516272236,0.06221866338852289,-0.048027175333159144,0.03508121911301365,-0.022160852133258913,-0.047576196805175885,-0.020219277830721083,-0.0024284289411359294,-0.05781699752059111,-0.037983942919541214,-0.13574902939545197,0.09028070918130537,-0.043384266743785815,-0.042015169302141886,0.009110421473165431,-0.00961629674022546,-0.03635507438698926,-0.01863856763772498,-0.12130321808219979,0.04345950956533673,-0.026676477108058427,0.026346165331584404,-0.12589157362169967,0.027204518643008768,-0.02861462104841761,-0.023316666987382773,-0.004820817134874256,0.006662463513596784,-0.04405913477343426,-0.0173676855107745,-0.09872494649780472,-0.01834376361310286,-0.01715930967968904,-0.1676994700707939,-0.029607473122628458,0.10706100483788372
0.1229454009110631,0.11378015937843955,0.14688573905869173,0.06810117964120144,0.06879486760281561,0.0976782655173829,0.08590293054923825,0.05469784127443367,0.06896549817538422,0.10026508888246322,0.12239311755605775,0.19537943740621855,0.09411510340758733,-0.04724316645812554,-0.020505508250574844,0.0325080021107611,0.09958807072333653,0.023261905804248473,0.07491825460233748,0.050954133412589586,0.12388779013019513,-0.002142092434492815,0.10855664533625187,0.16679403634791012,-0.00428676843289566,0.1512788710193682,0.008570695406723061,0.23005079860009525,0.04275679626183981,0.2542946534367232,0.038542743910264354,0.19158402872199565,0.11464362078804258,0.14838554405386728,0.13119231222016148,0.0827139309717837,0.16295170284239213,0.05037384941537515,0.1213438370692097,-0.07193554874605623,0.08146901102621174,0.13604618786155798,0.13412785519215342,0.12123728749257778,0.0753469281668635,0.1030141342212001,0.16941728017393176,0.10913512696036576,0.1545813723008833,0.09109031586123906
-0.00757439258045034,0.013582570734043342,0.05893423909563,0.05402552397669358,0.052344664781862615,0.04004385139407618,0.08195022521358308,-0.009277767605251785,-0.013738464856767885,0.2113497177975927,0.08982574228664797,0.03498831153123483,0.014297989955255552,0.016349950655360823,-0.026863882476969136,-0.04467511544716318,0.030640632263375434,-0.04546638290821403,0.13893187137480534,0.013448868085587318,-0.09276311804941939,0.0715203024284905,0.10545791436040508,0.10429630061554995,0.038718656908488525,0.02723801850087515,0.0883488581140166,0.2166556553861283,0.008384661341240829,0.04462090150883902,0.00921031089253721,0.12072845289258094,0.07138223999190751,-0.023583957626512553,0.10383492633021207,-0.00432726643100978,0.03702778023336695,0.06566960726923421,0.053340929939399206,0.04423318181599689,0.05205083950863276,-0.022718095183671627,0.08205362712750208,0.04868996229359501,0.11623334809720309,0.05542244773354099,0.09703098267282684,0.179283640596686,0.09374239476931523,-0.016436336845716548
